{
	"credit": "Made with Blockbench",
	"texture_size": [32, 32],
	"textures": {
		"0": "./atom_balloon",
		"particle": "./atom_balloon"
	},
	"elements": [
		{
			"from": [6, 0, 8],
			"to": [10, 12, 8],
			"faces": {
				"north": {"uv": [0, 0, 2, 6], "texture": "#0"},
				"east": {"uv": [0, 0, 0, 6], "texture": "#0"},
				"south": {"uv": [2, 0, 0, 6], "texture": "#0"},
				"west": {"uv": [0, 0, 0, 6], "texture": "#0"},
				"up": {"uv": [2, 0, 0, 0], "texture": "#0"},
				"down": {"uv": [2, 0, 0, 0], "texture": "#0"}
			}
		},
		{
			"from": [8, 0, 6],
			"to": [8, 12, 10],
			"rotation": {"angle": 0, "axis": "y", "origin": [8, 6, 8]},
			"faces": {
				"north": {"uv": [0, 0, 0, 6], "texture": "#0"},
				"east": {"uv": [0, 0, 2, 6], "texture": "#0"},
				"south": {"uv": [0, 0, 0, 6], "texture": "#0"},
				"west": {"uv": [2, 0, 0, 6], "texture": "#0"},
				"up": {"uv": [2, 0, 0, 0], "rotation": 90, "texture": "#0"},
				"down": {"uv": [2, 0, 0, 0], "rotation": 270, "texture": "#0"}
			}
		},
		{
			"from": [5, 12, 5],
			"to": [11, 18, 11],
			"faces": {
				"north": {"uv": [2, 0, 5, 3], "texture": "#0"},
				"east": {"uv": [5, 0, 2, 3], "texture": "#0"},
				"south": {"uv": [2, 0, 5, 3], "texture": "#0"},
				"west": {"uv": [5, 0, 2, 3], "texture": "#0"},
				"up": {"uv": [5, 3, 2, 0], "texture": "#0"},
				"down": {"uv": [5, 0, 2, 3], "texture": "#0"}
			}
		}
	],
	"display": {
		"thirdperson_righthand": {
			"rotation": [66, 90, 0],
			"translation": [0.5, 2.25, 6]
		},
		"thirdperson_lefthand": {
			"rotation": [66, 90, 0],
			"translation": [0.5, 1.5, 6]
		},
		"firstperson_righthand": {
			"rotation": [-2.15, 6.32, 4.24],
			"translation": [20.75, -14.75, -39.75],
			"scale": [4, 4, 4]
		},
		"firstperson_lefthand": {
			"rotation": [-2.15, 6.32, 4.24],
			"translation": [24, -14.75, -39.75],
			"scale": [4, 4, 4]
		},
		"ground": {
			"translation": [0, 4.25, 0],
			"scale": [1.20117, 1.20117, 1.20117]
		},
		"gui": {
			"rotation": [-1.45, 13.21, -27.16],
			"translation": [-0.25, -2.25, -0.25]
		},
		"head": {
			"rotation": [0, -15, 0],
			"translation": [0, -13.5, -0.5],
			"scale": [2.01172, 2.01172, 2.01172]
		},
		"fixed": {
			"rotation": [-90, 0, 0],
			"translation": [0.5, 0.75, -16],
			"scale": [2.64648, 2.64648, 2.64648]
		}
	}
}