{
	"credit": "Made with Blockbench",
	"texture_size": [128, 128],
	"textures": {
		"0": "./plate",
		"particle": "./plate"
	},
	"elements": [
		{
			"from": [-13, 14, -16],
			"to": [29, 16, -13],
			"faces": {
				"north": {"uv": [6.25, 2.5, 11.5, 2.75], "texture": "#0"},
				"east": {"uv": [8.75, 5.25, 9.125, 5.5], "texture": "#0"},
				"south": {"uv": [6.25, 2.75, 11.5, 3], "texture": "#0"},
				"west": {"uv": [8.75, 5.5, 9.125, 5.75], "texture": "#0"},
				"up": {"uv": [10.75, 0.375, 5.5, 0], "texture": "#0"},
				"down": {"uv": [10.75, 0.375, 5.5, 0.75], "texture": "#0"}
			}
		},
		{
			"from": [18.5, 14, -15.7],
			"to": [26.5, 16, -12],
			"rotation": {"angle": -45, "axis": "y", "origin": [22.5, 15, -6.5]},
			"faces": {
				"north": {"uv": [7.25, 5.5, 8.25, 5.75], "texture": "#0"},
				"east": {"uv": [8.25, 4.5, 8.75, 4.75], "texture": "#0"},
				"south": {"uv": [7.25, 5.75, 8.25, 6], "texture": "#0"},
				"west": {"uv": [8.25, 4.75, 8.75, 5], "texture": "#0"},
				"up": {"uv": [7.25, 5, 6.25, 4.5], "texture": "#0"},
				"down": {"uv": [7.25, 5, 6.25, 5.5], "texture": "#0"}
			}
		},
		{
			"from": [25.57223, 14, -15.67223],
			"to": [29.82223, 16, -11.84723],
			"rotation": {"angle": -45, "axis": "y", "origin": [27.69723, 15, -11.69723]},
			"faces": {
				"north": {"uv": [8.25, 5, 8.75, 5.25], "texture": "#0"},
				"east": {"uv": [8.25, 5.25, 8.75, 5.5], "texture": "#0"},
				"south": {"uv": [8.25, 5.5, 8.75, 5.75], "texture": "#0"},
				"west": {"uv": [8.25, 5.75, 8.75, 6], "texture": "#0"},
				"up": {"uv": [7.75, 6.5, 7.25, 6], "texture": "#0"},
				"down": {"uv": [7.75, 6.5, 7.25, 7], "texture": "#0"}
			}
		},
		{
			"from": [-14.6975, 14, 27.4975],
			"to": [-10.4475, 16, 31.2975],
			"rotation": {"angle": -45, "axis": "y", "origin": [-12.5725, 15, 28.5725]},
			"faces": {
				"north": {"uv": [8.25, 6, 8.75, 6.25], "texture": "#0"},
				"east": {"uv": [6.25, 8.25, 6.75, 8.5], "texture": "#0"},
				"south": {"uv": [8.25, 6.25, 8.75, 6.5], "texture": "#0"},
				"west": {"uv": [8.25, 6.5, 8.75, 6.75], "texture": "#0"},
				"up": {"uv": [7.75, 7.5, 7.25, 7], "texture": "#0"},
				"down": {"uv": [6.75, 7.5, 6.25, 8], "texture": "#0"}
			}
		},
		{
			"from": [-15.59603, 14, -13.98697],
			"to": [-11.79603, 16, -9.73697],
			"rotation": {"angle": -45, "axis": "y", "origin": [-11.87103, 15, -11.86197]},
			"faces": {
				"north": {"uv": [6.75, 8.25, 7.25, 8.5], "texture": "#0"},
				"east": {"uv": [8.25, 6.75, 8.75, 7], "texture": "#0"},
				"south": {"uv": [7.25, 8.25, 7.75, 8.5], "texture": "#0"},
				"west": {"uv": [7.75, 8.25, 8.25, 8.5], "texture": "#0"},
				"up": {"uv": [7.25, 8, 6.75, 7.5], "texture": "#0"},
				"down": {"uv": [7.75, 7.5, 7.25, 8], "texture": "#0"}
			}
		},
		{
			"from": [27.79337, 14, 25.75243],
			"to": [31.59337, 16, 30.00243],
			"rotation": {"angle": -45, "axis": "y", "origin": [27.86837, 15, 27.87743]},
			"faces": {
				"north": {"uv": [8.25, 8, 8.75, 8.25], "texture": "#0"},
				"east": {"uv": [8.25, 8.25, 8.75, 8.5], "texture": "#0"},
				"south": {"uv": [6.25, 8.5, 6.75, 8.75], "texture": "#0"},
				"west": {"uv": [6.75, 8.5, 7.25, 8.75], "texture": "#0"},
				"up": {"uv": [8.25, 6.5, 7.75, 6], "texture": "#0"},
				"down": {"uv": [8.25, 6.5, 7.75, 7], "texture": "#0"}
			}
		},
		{
			"from": [-14.48653, 14, 26.53653],
			"to": [-6.48653, 16, 30.23653],
			"rotation": {"angle": -45, "axis": "y", "origin": [-10.48653, 15, 26.48653]},
			"faces": {
				"north": {"uv": [7.75, 7, 8.75, 7.25], "texture": "#0"},
				"east": {"uv": [7.25, 8.5, 7.75, 8.75], "texture": "#0"},
				"south": {"uv": [7.75, 7.25, 8.75, 7.5], "texture": "#0"},
				"west": {"uv": [7.75, 8.5, 8.25, 8.75], "texture": "#0"},
				"up": {"uv": [7.25, 6, 6.25, 5.5], "texture": "#0"},
				"down": {"uv": [7.25, 6, 6.25, 6.5], "texture": "#0"}
			}
		},
		{
			"from": [19.54906, 14, 27.53186],
			"to": [27.54906, 16, 31.23186],
			"rotation": {"angle": 45, "axis": "y", "origin": [23.54906, 15, 23.68186]},
			"faces": {
				"north": {"uv": [7.75, 7.5, 8.75, 7.75], "texture": "#0"},
				"east": {"uv": [8.25, 8.5, 8.75, 8.75], "texture": "#0"},
				"south": {"uv": [7.75, 7.75, 8.75, 8], "texture": "#0"},
				"west": {"uv": [8.75, 4.5, 9.25, 4.75], "texture": "#0"},
				"up": {"uv": [7.25, 7, 6.25, 6.5], "texture": "#0"},
				"down": {"uv": [7.25, 7, 6.25, 7.5], "texture": "#0"}
			}
		},
		{
			"from": [-11.77577, 14, -15.19297],
			"to": [-3.77577, 16, -11.49297],
			"rotation": {"angle": 45, "axis": "y", "origin": [-7.77577, 15, -7.64297]},
			"faces": {
				"north": {"uv": [6.25, 8, 7.25, 8.25], "texture": "#0"},
				"east": {"uv": [8.75, 4.75, 9.25, 5], "texture": "#0"},
				"south": {"uv": [7.25, 8, 8.25, 8.25], "texture": "#0"},
				"west": {"uv": [8.75, 5, 9.25, 5.25], "texture": "#0"},
				"up": {"uv": [8.25, 5, 7.25, 4.5], "texture": "#0"},
				"down": {"uv": [8.25, 5, 7.25, 5.5], "texture": "#0"}
			}
		},
		{
			"from": [-16, 14, -13],
			"to": [-13, 16, 29],
			"faces": {
				"north": {"uv": [8.75, 5.75, 9.125, 6], "texture": "#0"},
				"east": {"uv": [6.25, 3, 11.5, 3.25], "texture": "#0"},
				"south": {"uv": [8.75, 6, 9.125, 6.25], "texture": "#0"},
				"west": {"uv": [6.25, 3.25, 11.5, 3.5], "texture": "#0"},
				"up": {"uv": [5.875, 6, 5.5, 0.75], "texture": "#0"},
				"down": {"uv": [6.25, 0.75, 5.875, 6], "texture": "#0"}
			}
		},
		{
			"from": [29, 14, -13],
			"to": [32, 16, 29],
			"faces": {
				"north": {"uv": [6.25, 8.75, 6.625, 9], "texture": "#0"},
				"east": {"uv": [6.25, 3.5, 11.5, 3.75], "texture": "#0"},
				"south": {"uv": [8.75, 6.25, 9.125, 6.5], "texture": "#0"},
				"west": {"uv": [6.25, 3.75, 11.5, 4], "texture": "#0"},
				"up": {"uv": [5.875, 11.25, 5.5, 6], "texture": "#0"},
				"down": {"uv": [6.25, 6, 5.875, 11.25], "texture": "#0"}
			}
		},
		{
			"from": [-13, 14, 29],
			"to": [29, 16, 32],
			"faces": {
				"north": {"uv": [6.25, 4, 11.5, 4.25], "texture": "#0"},
				"east": {"uv": [8.75, 6.5, 9.125, 6.75], "texture": "#0"},
				"south": {"uv": [6.25, 4.25, 11.5, 4.5], "texture": "#0"},
				"west": {"uv": [6.625, 8.75, 7, 9], "texture": "#0"},
				"up": {"uv": [11.5, 1.125, 6.25, 0.75], "texture": "#0"},
				"down": {"uv": [11.5, 1.125, 6.25, 1.5], "texture": "#0"}
			}
		},
		{
			"from": [-14, 12, -14],
			"to": [30, 14, 30],
			"faces": {
				"north": {"uv": [6.25, 1.5, 11.75, 1.75], "texture": "#0"},
				"east": {"uv": [6.25, 1.75, 11.75, 2], "texture": "#0"},
				"south": {"uv": [6.25, 2, 11.75, 2.25], "texture": "#0"},
				"west": {"uv": [6.25, 2.25, 11.75, 2.5], "texture": "#0"},
				"up": {"uv": [5.5, 5.5, 0, 0], "texture": "#0"},
				"down": {"uv": [5.5, 5.5, 0, 11], "texture": "#0"}
			}
		}
	],
	"display": {}
}