{
	"credit": "Made with Blockbench",
	"texture_size": [128, 128],
	"textures": {
		"0": "./reaper_arrow",
		"particle": "./reaper_arrow"
	},
	"elements": [
		{
			"from": [8, -16, -16],
			"to": [8, 32, 32],
			"faces": {
				"north": {"uv": [0, 0, 0, 6], "texture": "#0"},
				"east": {"uv": [0, 0, 6, 6], "texture": "#0"},
				"south": {"uv": [0, 0, 0, 6], "texture": "#0"},
				"west": {"uv": [0, 0, 6, 6], "texture": "#0"},
				"up": {"uv": [6, 0, 0, 0], "rotation": 90, "texture": "#0"},
				"down": {"uv": [6, 0, 0, 0], "rotation": 270, "texture": "#0"}
			}
		}
	],
	"display": {
		"head": {
			"translation": [0, -8.75, 11.25],
			"scale": [1.28125, 1.28125, 1.28125]
		}
	}
}