{
	"credit": "Made with Blockbench",
	"texture_size": [128, 128],
	"textures": {
		"0": "./storm_cloud",
		"particle": "./storm_cloud"
	},
	"elements": [
		{
			"from": [-16, 0, -5],
			"to": [32, 11, 21],
			"faces": {
				"north": {"uv": [6, 6, 12, 7.375], "texture": "#0"},
				"east": {"uv": [0, 7.875, 3.25, 9.25], "texture": "#0"},
				"south": {"uv": [0, 6.5, 6, 7.875], "texture": "#0"},
				"west": {"uv": [0, 7.875, 3.25, 9.25], "texture": "#0"},
				"up": {"uv": [6, 3.25, 0, 0], "texture": "#0"},
				"down": {"uv": [6, 3.25, 0, 6.5], "texture": "#0"}
			}
		},
		{
			"from": [4, 11, -4],
			"to": [28, 18, 20],
			"faces": {
				"north": {"uv": [3.25, 8.75, 6.25, 9.625], "texture": "#0"},
				"east": {"uv": [3.25, 8.75, 6.25, 9.625], "texture": "#0"},
				"south": {"uv": [3.25, 8.75, 6.25, 9.625], "texture": "#0"},
				"west": {"uv": [3.25, 8.75, 6.25, 9.625], "texture": "#0"},
				"up": {"uv": [9, 3, 6, 0], "texture": "#0"},
				"down": {"uv": [9, 3, 6, 6], "texture": "#0"}
			}
		},
		{
			"from": [-9, 11, 2],
			"to": [4, 15, 14],
			"faces": {
				"north": {"uv": [9, 4.75, 10.625, 5.25], "texture": "#0"},
				"east": {"uv": [9, 5.25, 10.5, 5.75], "texture": "#0"},
				"south": {"uv": [9, 4.75, 10.625, 5.25], "texture": "#0"},
				"west": {"uv": [9, 5.25, 10.5, 5.75], "texture": "#0"},
				"up": {"uv": [10.625, 3.25, 9, 1.75], "texture": "#0"},
				"down": {"uv": [10.625, 3.25, 9, 4.75], "texture": "#0"}
			}
		}
	]
}