{
  "reaper_slap": {
    "category": "master",
    "sounds": [
    "reaper_slap"
  ],
    "subtitle": "Смерть смеётся"
  },
  "death": {
    "category": "master",
    "sounds": [
    "death",
    "death2"
  ],
    "subtitle": "Вы умерли"
  },
  "slap": {
    "category": "master",
    "sounds": [
    "slap"
  ],
    "subtitle": "Игрок шлепнул игрока"
  },
  "bull": {
    "category": "master",
    "sounds": [
    "bull"
  ],
    "subtitle": "Бык шлепнул игрока"
  }
}