{
	"credit": "Made with Blockbench",
	"textures": {
		"0": "./furry_ears",
		"particle": "./furry_ears"
	},
	"elements": [
		{
			"from": [2, 0, 0],
			"to": [8, 8, 0],
			"rotation": {"angle": 45, "axis": "z", "origin": [2, 0, 0]},
			"faces": {
				"north": {"uv": [0, 0, 6, 8], "texture": "#0"},
				"east": {"uv": [0, 0, 0, 8], "texture": "#0"},
				"south": {"uv": [6, 0, 0, 8], "texture": "#0"},
				"west": {"uv": [0, 0, 0, 8], "texture": "#0"},
				"up": {"uv": [6, 0, 0, 0], "texture": "#0"},
				"down": {"uv": [6, 0, 0, 0], "texture": "#0"}
			}
		},
		{
			"from": [12.02861, 0.82585, 0],
			"to": [18.02861, 8.82585, 0],
			"rotation": {"angle": -45, "axis": "z", "origin": [15.02861, 4.82585, 0]},
			"faces": {
				"north": {"uv": [6, 0, 0, 8], "texture": "#0"},
				"east": {"uv": [0, 0, 0, 8], "texture": "#0"},
				"south": {"uv": [0, 0, 6, 8], "texture": "#0"},
				"west": {"uv": [0, 0, 0, 8], "texture": "#0"},
				"up": {"uv": [6, 0, 0, 0], "texture": "#0"},
				"down": {"uv": [6, 0, 0, 0], "texture": "#0"}
			}
		}
	],
	"display": {
		"head": {
			"rotation": [11, 0, 0],
			"translation": [-0.25, 7.25, 8.75],
			"scale": [1.08398, 1.08398, 1.08398]
		}
	}
}