{
	"credit": "Made with Blockbench",
	"texture_size": [32, 32],
	"textures": {
		"0": "./pumpkin_head",
		"particle": "./pumpkin_head"
	},
	"elements": [
		{
			"from": [-2, 0, 0],
			"to": [9, 9, 9],
			"faces": {
				"north": {"uv": [5.5, 0, 11, 4.5], "texture": "#0"},
				"east": {"uv": [11, 0, 15.5, 4.5], "texture": "#0"},
				"south": {"uv": [5.5, 4.5, 11, 9], "texture": "#0"},
				"west": {"uv": [15.5, 0, 11, 4.5], "texture": "#0"},
				"up": {"uv": [5.5, 13.5, 0, 9], "texture": "#0"},
				"down": {"uv": [5.5, 9, 0, 13.5], "texture": "#0"}
			}
		},
		{
			"from": [-2, 9, 4.5],
			"to": [9, 18, 4.5],
			"faces": {
				"north": {"uv": [0, 0, 5.5, 4.5], "texture": "#0"},
				"east": {"uv": [0, 0, 0, 4.5], "texture": "#0"},
				"south": {"uv": [5.5, 0, 0, 4.5], "texture": "#0"},
				"west": {"uv": [0, 0, 0, 4.5], "texture": "#0"},
				"up": {"uv": [5.5, 0, 0, 0], "texture": "#0"},
				"down": {"uv": [5.5, 0, 0, 0], "texture": "#0"}
			}
		},
		{
			"from": [3.5, 9, -1],
			"to": [3.5, 18, 10],
			"rotation": {"angle": 0, "axis": "y", "origin": [3.5, 13.5, 4.5]},
			"faces": {
				"north": {"uv": [0, 0, 0, 4.5], "texture": "#0"},
				"east": {"uv": [0, 4.5, 5.5, 9], "texture": "#0"},
				"south": {"uv": [0, 0, 0, 4.5], "texture": "#0"},
				"west": {"uv": [5.5, 4.5, 0, 9], "texture": "#0"},
				"up": {"uv": [5.5, 0, 0, 0], "rotation": 90, "texture": "#0"},
				"down": {"uv": [5.5, 0, 0, 0], "rotation": 270, "texture": "#0"}
			}
		}
	],
	"display": {
		"gui": {
			"rotation": [-157, -32.75, -180],
			"translation": [-5.75, 3.25, 0]
		},
		"head": {
			"translation": [7.5, 5.75, 5.75],
			"scale": [1.66992, 1.66992, 1.66992]
		}
	}
}