{
	"credit": "Made with Blockbench",
	"texture_size": [64, 64],
	"textures": {
		"3": "./reaper_hood",
		"particle": "./reaper_hood"
	},
	"elements": [
		{
			"from": [9, 0, 0],
			"to": [11.2, 8.15, 8],
			"rotation": {"angle": 22.5, "axis": "z", "origin": [10, 0, 0]},
			"faces": {
				"north": {"uv": [6, 7.5, 6.5, 9.5], "texture": "#3"},
				"east": {"uv": [0, 4, 2, 6], "texture": "#3"},
				"south": {"uv": [6.5, 7.5, 7, 9.5], "texture": "#3"},
				"west": {"uv": [2, 4, 4, 6], "texture": "#3"},
				"up": {"uv": [7.5, 9.5, 7, 7.5], "texture": "#3"},
				"down": {"uv": [8, 7.5, 7.5, 9.5], "texture": "#3"}
			}
		},
		{
			"from": [-3.3, -0.3, 0],
			"to": [-1.1, 7.85, 8],
			"rotation": {"angle": -22.5, "axis": "z", "origin": [-1.3, -0.3, 0]},
			"faces": {
				"north": {"uv": [0, 8, 0.5, 10], "texture": "#3"},
				"east": {"uv": [4, 4, 6, 6], "texture": "#3"},
				"south": {"uv": [8, 0, 8.5, 2], "texture": "#3"},
				"west": {"uv": [2, 4, 0, 6], "texture": "#3"},
				"up": {"uv": [1, 10, 0.5, 8], "texture": "#3"},
				"down": {"uv": [1.5, 8, 1, 10], "texture": "#3"}
			}
		},
		{
			"from": [0, -0.3, 8],
			"to": [8, 8, 8],
			"faces": {
				"north": {"uv": [6, 0, 8, 2], "texture": "#3"},
				"east": {"uv": [0, 0, 0, 2], "texture": "#3"},
				"south": {"uv": [2, 6, 4, 8], "texture": "#3"},
				"west": {"uv": [0, 0, 0, 2], "texture": "#3"},
				"up": {"uv": [2, 0, 0, 0], "texture": "#3"},
				"down": {"uv": [2, 0, 0, 0], "texture": "#3"}
			}
		},
		{
			"from": [8, -0.3, 8],
			"to": [9, 2.4, 8],
			"rotation": {"angle": 0, "axis": "y", "origin": [8, 0, 0]},
			"faces": {
				"north": {"uv": [8, 4.25, 8.25, 5], "texture": "#3"},
				"east": {"uv": [0, 0, 0, 0.75], "texture": "#3"},
				"south": {"uv": [8, 5, 8.25, 5.75], "texture": "#3"},
				"west": {"uv": [0, 0, 0, 0.75], "texture": "#3"},
				"up": {"uv": [0.25, 0, 0, 0], "texture": "#3"},
				"down": {"uv": [0.25, 0, 0, 0], "texture": "#3"}
			}
		},
		{
			"from": [-1, -0.3, 8],
			"to": [0, 2.4, 8],
			"rotation": {"angle": 0, "axis": "y", "origin": [-1, 0, 0]},
			"faces": {
				"north": {"uv": [8, 5.75, 8.25, 6.5], "texture": "#3"},
				"east": {"uv": [0, 0, 0, 0.75], "texture": "#3"},
				"south": {"uv": [8, 6.5, 8.25, 7.25], "texture": "#3"},
				"west": {"uv": [0, 0, 0, 0.75], "texture": "#3"},
				"up": {"uv": [0.25, 0, 0, 0], "texture": "#3"},
				"down": {"uv": [0.25, 0, 0, 0], "texture": "#3"}
			}
		},
		{
			"from": [0, 6, 0],
			"to": [8, 8, 8],
			"faces": {
				"north": {"uv": [1.5, 8, 3.5, 8.5], "texture": "#3"},
				"east": {"uv": [8, 2, 10, 2.5], "texture": "#3"},
				"south": {"uv": [8, 2.5, 10, 3], "texture": "#3"},
				"west": {"uv": [8, 3, 10, 3.5], "texture": "#3"},
				"up": {"uv": [8, 4, 6, 2], "texture": "#3"},
				"down": {"uv": [6, 6, 4, 8], "texture": "#3"}
			}
		},
		{
			"from": [-1.2, -0.325, 0],
			"to": [9.2, 0.475, 8],
			"rotation": {"angle": 0, "axis": "y", "origin": [0, -0.525, 0]},
			"faces": {
				"north": {"uv": [3.5, 8, 6, 8.25], "texture": "#3"},
				"east": {"uv": [8, 3.75, 10, 4], "texture": "#3"},
				"south": {"uv": [8, 3.5, 10.5, 3.75], "texture": "#3"},
				"west": {"uv": [8, 4, 10, 4.25], "texture": "#3"},
				"up": {"uv": [6, 2, 3.5, 0], "texture": "#3"},
				"down": {"uv": [6, 2, 3.5, 4], "texture": "#3"}
			}
		},
		{
			"from": [-0.2, 0.2, 0.1],
			"to": [8.2, 7, 0.1],
			"rotation": {"angle": 0, "axis": "y", "origin": [0, -1, 0.1]},
			"faces": {
				"north": {"uv": [6, 4, 8, 5.75], "texture": "#3"},
				"east": {"uv": [0, 0, 0, 1.75], "texture": "#3"},
				"south": {"uv": [6, 5.75, 8, 7.5], "texture": "#3"},
				"west": {"uv": [0, 0, 0, 1.75], "texture": "#3"},
				"up": {"uv": [2, 0, 0, 0], "texture": "#3"},
				"down": {"uv": [2, 0, 0, 0], "texture": "#3"}
			}
		},
		{
			"from": [-3.2, -6.8, 1.1],
			"to": [11.2, 1, 1.1],
			"rotation": {"angle": 0, "axis": "y", "origin": [0, -8, 1.1]},
			"faces": {
				"north": {"uv": [0, 0, 3.5, 2], "texture": "#3"},
				"east": {"uv": [0, 0, 0, 2], "texture": "#3"},
				"south": {"uv": [0, 0, 3.5, 2], "texture": "#3"},
				"west": {"uv": [0, 0, 0, 2], "texture": "#3"},
				"up": {"uv": [3.5, 0, 0, 0], "texture": "#3"},
				"down": {"uv": [3.5, 0, 0, 0], "texture": "#3"}
			}
		},
		{
			"from": [8.2, 0.2, 0.1],
			"to": [9.2, 2, 0.1],
			"rotation": {"angle": 0, "axis": "y", "origin": [0, -1, 0.1]},
			"faces": {
				"north": {"uv": [3.5, 8.25, 3.75, 8.75], "texture": "#3"},
				"east": {"uv": [0, 0, 0, 0.5], "texture": "#3"},
				"south": {"uv": [3.75, 8.25, 4, 8.75], "texture": "#3"},
				"west": {"uv": [0, 0, 0, 0.5], "texture": "#3"},
				"up": {"uv": [0.25, 0, 0, 0], "texture": "#3"},
				"down": {"uv": [0.25, 0, 0, 0], "texture": "#3"}
			}
		},
		{
			"from": [-0.8, 0.2, 0.1],
			"to": [-0.2, 2, 0.1],
			"rotation": {"angle": 0, "axis": "y", "origin": [-9, -1, 0.1]},
			"faces": {
				"north": {"uv": [8, 7.25, 8.25, 7.75], "texture": "#3"},
				"east": {"uv": [0, 0, 0, 0.5], "texture": "#3"},
				"south": {"uv": [8, 7.75, 8.25, 8.25], "texture": "#3"},
				"west": {"uv": [0, 0, 0, 0.5], "texture": "#3"},
				"up": {"uv": [0.25, 0, 0, 0], "texture": "#3"},
				"down": {"uv": [0.25, 0, 0, 0], "texture": "#3"}
			}
		}
	],
	"display": {
		"gui": {
			"rotation": [-169.53, -24.63, 158.85],
			"translation": [-6.75, 4.5, 0]
		},
		"head": {
			"translation": [7.25, 7.75, 7],
			"scale": [1.80469, 1.80469, 1.80469]
		}
	}
}