{
	"credit": "Made with Blockbench",
	"texture_size": [64, 64],
	"textures": {
		"0": "./banana_peel",
		"particle": "./banana_peel"
	},
	"elements": [
		{
			"from": [0, 3, -1],
			"to": [16, 3, 15],
			"rotation": {"angle": 22.5, "axis": "x", "origin": [8, 3, 7]},
			"faces": {
				"north": {"uv": [0, 0, 4, 0], "texture": "#0"},
				"east": {"uv": [0, 0, 4, 0], "texture": "#0"},
				"south": {"uv": [0, 0, 4, 0], "texture": "#0"},
				"west": {"uv": [0, 0, 4, 0], "texture": "#0"},
				"up": {"uv": [4, 4, 0, 0], "texture": "#0"},
				"down": {"uv": [4, 0, 0, 4], "texture": "#0"}
			}
		},
		{
			"from": [0, 3, -1],
			"to": [16, 3, 15],
			"rotation": {"angle": 22.5, "axis": "z", "origin": [8, 3, 7]},
			"faces": {
				"north": {"uv": [0, 0, 4, 0], "texture": "#0"},
				"east": {"uv": [0, 0, 4, 0], "texture": "#0"},
				"south": {"uv": [0, 0, 4, 0], "texture": "#0"},
				"west": {"uv": [0, 0, 4, 0], "texture": "#0"},
				"up": {"uv": [4, 4, 0, 0], "rotation": 90, "texture": "#0"},
				"down": {"uv": [0, 4, 4, 0], "rotation": 90, "texture": "#0"}
			}
		},
		{
			"from": [0, 3, -1],
			"to": [16, 3, 15],
			"rotation": {"angle": -22.5, "axis": "z", "origin": [8, 3, 7]},
			"faces": {
				"north": {"uv": [0, 0, 4, 0], "texture": "#0"},
				"east": {"uv": [0, 0, 4, 0], "texture": "#0"},
				"south": {"uv": [0, 0, 4, 0], "texture": "#0"},
				"west": {"uv": [0, 0, 4, 0], "texture": "#0"},
				"up": {"uv": [4, 4, 0, 0], "rotation": 270, "texture": "#0"},
				"down": {"uv": [0, 4, 4, 0], "rotation": 270, "texture": "#0"}
			}
		},
		{
			"from": [0, 3, -1],
			"to": [16, 3, 15],
			"rotation": {"angle": -22.5, "axis": "x", "origin": [8, 3, 7]},
			"faces": {
				"north": {"uv": [0, 0, 4, 0], "texture": "#0"},
				"east": {"uv": [0, 0, 4, 0], "texture": "#0"},
				"south": {"uv": [0, 0, 4, 0], "texture": "#0"},
				"west": {"uv": [0, 0, 4, 0], "texture": "#0"},
				"up": {"uv": [4, 4, 0, 0], "rotation": 180, "texture": "#0"},
				"down": {"uv": [4, 0, 0, 4], "rotation": 180, "texture": "#0"}
			}
		}
	],
	"display": {
		"gui": {
			"rotation": [29.6, -10.82, -5.53],
			"translation": [0.5, 4.5, 0]
		},
		"head": {
			"rotation": [3, -18, 0],
			"translation": [0, 15.25, 2.25],
			"scale": [1.22461, 1.22461, 1.22461]
		}
	}
}