{
	"credit": "Made with Blockbench",
	"texture_size": [256, 256],
	"textures": {
		"0": "./yellow_orb",
		"particle": "./yellow_orb"
	},
	"elements": [
		{
			"from": [-4, -4, -4],
			"to": [20, 20, 20],
			"faces": {
				"north": {"uv": [3, 0, 6, 3], "texture": "#0"},
				"east": {"uv": [3, 0, 6, 3], "texture": "#0"},
				"south": {"uv": [3, 0, 6, 3], "texture": "#0"},
				"west": {"uv": [3, 0, 6, 3], "texture": "#0"},
				"up": {"uv": [6, 3, 3, 0], "texture": "#0"},
				"down": {"uv": [6, 0, 3, 3], "texture": "#0"}
			}
		},
		{
			"from": [-16, -4, 8],
			"to": [-4, 20, 8],
			"faces": {
				"north": {"uv": [0, 0, 1.5, 2.9375], "texture": "#0"},
				"east": {"uv": [0, 0, 0, 2.9375], "texture": "#0"},
				"south": {"uv": [1.5, 0, 0, 2.9375], "texture": "#0"},
				"west": {"uv": [0, 0, 0, 2.9375], "texture": "#0"},
				"up": {"uv": [0, 0, 1.5, 0], "texture": "#0"},
				"down": {"uv": [0, 0, 1.5, 0], "texture": "#0"}
			}
		},
		{
			"from": [20, -4, 8],
			"to": [32, 20, 8],
			"rotation": {"angle": 0, "axis": "y", "origin": [26, 0, 8]},
			"faces": {
				"north": {"uv": [1.5, 0, 0, 2.9375], "texture": "#0"},
				"east": {"uv": [0, 0, 0, 2.9375], "texture": "#0"},
				"south": {"uv": [0, 0, 1.5, 2.9375], "texture": "#0"},
				"west": {"uv": [0, 0, 0, 2.9375], "texture": "#0"},
				"up": {"uv": [0, 0, 1.5, 0], "rotation": 180, "texture": "#0"},
				"down": {"uv": [0, 0, 1.5, 0], "rotation": 180, "texture": "#0"}
			}
		},
		{
			"from": [8, -4, 20],
			"to": [8, 20, 32],
			"rotation": {"angle": 0, "axis": "y", "origin": [8, 0, 8]},
			"faces": {
				"north": {"uv": [0, 0, 0, 2.9375], "texture": "#0"},
				"east": {"uv": [1.5, 0, 0, 2.9375], "texture": "#0"},
				"south": {"uv": [0, 0, 0, 2.9375], "texture": "#0"},
				"west": {"uv": [0, 0, 1.5, 2.9375], "texture": "#0"},
				"up": {"uv": [0, 0, 1.5, 0], "rotation": 270, "texture": "#0"},
				"down": {"uv": [0, 0, 1.5, 0], "rotation": 90, "texture": "#0"}
			}
		},
		{
			"from": [8, -4, -16],
			"to": [8, 20, -4],
			"rotation": {"angle": 0, "axis": "y", "origin": [8, 0, 8]},
			"faces": {
				"north": {"uv": [0, 0, 0, 2.9375], "texture": "#0"},
				"east": {"uv": [0, 0, 1.5, 2.9375], "texture": "#0"},
				"south": {"uv": [0, 0, 0, 2.9375], "texture": "#0"},
				"west": {"uv": [1.5, 0, 0, 2.9375], "texture": "#0"},
				"up": {"uv": [0, 0, 1.5, 0], "rotation": 90, "texture": "#0"},
				"down": {"uv": [0, 0, 1.5, 0], "rotation": 270, "texture": "#0"}
			}
		},
		{
			"from": [8, 20, -4],
			"to": [8, 32, 20],
			"rotation": {"angle": 0, "axis": "x", "origin": [8, 0, 8]},
			"faces": {
				"north": {"uv": [0, 0, 1.5, 0], "rotation": 90, "texture": "#0"},
				"east": {"uv": [1.5, 0, 0, 2.9375], "rotation": 90, "texture": "#0"},
				"south": {"uv": [0, 0, 1.5, 0], "rotation": 90, "texture": "#0"},
				"west": {"uv": [0, 0, 1.5, 2.9375], "rotation": 270, "texture": "#0"},
				"up": {"uv": [0, 0, 0, 2.9375], "texture": "#0"},
				"down": {"uv": [0, 0, 0, 2.9375], "rotation": 180, "texture": "#0"}
			}
		},
		{
			"from": [8, -16, -4],
			"to": [8, -4, 20],
			"rotation": {"angle": 0, "axis": "x", "origin": [8, 18, 8]},
			"faces": {
				"north": {"uv": [0, 0, 1.5, 0], "rotation": 270, "texture": "#0"},
				"east": {"uv": [1.5, 0, 0, 2.9375], "rotation": 270, "texture": "#0"},
				"south": {"uv": [0, 0, 1.5, 0], "rotation": 270, "texture": "#0"},
				"west": {"uv": [0, 0, 1.5, 2.9375], "rotation": 90, "texture": "#0"},
				"up": {"uv": [0, 0, 0, 2.9375], "rotation": 180, "texture": "#0"},
				"down": {"uv": [0, 0, 0, 2.9375], "texture": "#0"}
			}
		}
	],
	"display": {}
}