{
	"credit": "Made with Blockbench",
	"texture_size": [64, 64],
	"textures": {
		"0": "./necro_cauldron"
	},
	"elements": [
		{
			"from": [-0.1, -0.1, -0.1],
			"to": [16.1, 13.1, 16.1],
			"faces": {
				"north": {"uv": [0, 8, 4, 11.25], "texture": "#0"},
				"east": {"uv": [4, 8.25, 8, 11.5], "texture": "#0"},
				"south": {"uv": [8, 8.25, 12, 11.5], "texture": "#0"},
				"west": {"uv": [10.5, 0, 14.5, 3.25], "texture": "#0"},
				"up": {"uv": [4, 4, 0, 0], "texture": "#0"},
				"down": {"uv": [4, 4, 0, 8], "texture": "#0"}
			}
		},
		{
			"from": [5.1, 4.4, 16.1],
			"to": [10.9, 10.6, 18.1],
			"faces": {
				"north": {"uv": [11.5, 5.5, 13, 7], "texture": "#0"},
				"east": {"uv": [3.75, 12.25, 4.25, 13.75], "texture": "#0"},
				"south": {"uv": [7.5, 11.5, 9, 13], "texture": "#0"},
				"west": {"uv": [12.75, 12.25, 13.25, 13.75], "texture": "#0"},
				"up": {"uv": [14.5, 6, 13, 5.5], "texture": "#0"},
				"down": {"uv": [14.5, 6, 13, 6.5], "texture": "#0"}
			}
		},
		{
			"from": [5.1, 4.4, -2.1],
			"to": [10.9, 10.6, -0.1],
			"rotation": {"angle": 0, "axis": "y", "origin": [8, 7.5, -5.9]},
			"faces": {
				"north": {"uv": [7.5, 11.5, 9, 13], "texture": "#0"},
				"east": {"uv": [12.75, 12.25, 13.25, 13.75], "texture": "#0"},
				"south": {"uv": [11.5, 5.5, 13, 7], "texture": "#0"},
				"west": {"uv": [3.75, 12.25, 4.25, 13.75], "texture": "#0"},
				"up": {"uv": [14.5, 6, 13, 5.5], "rotation": 180, "texture": "#0"},
				"down": {"uv": [14.5, 6, 13, 6.5], "rotation": 180, "texture": "#0"}
			}
		},
		{
			"from": [-5.1, 2.9, 8],
			"to": [21.1, 12.1, 8],
			"faces": {
				"north": {"uv": [4, 2.25, 10.5, 4.5], "texture": "#0"},
				"east": {"uv": [0, 0, 0, 2.25], "texture": "#0"},
				"south": {"uv": [4, 2.25, 10.5, 4.5], "texture": "#0"},
				"west": {"uv": [0, 0, 0, 2.25], "texture": "#0"},
				"up": {"uv": [6.5, 0, 0, 0], "texture": "#0"},
				"down": {"uv": [6.5, 0, 0, 0], "texture": "#0"}
			}
		},
		{
			"from": [0.7, 12.9, 0.7],
			"to": [15.3, 15.2, 15.3],
			"faces": {
				"north": {"uv": [0, 12.25, 3.75, 12.75], "texture": "#0"},
				"east": {"uv": [9, 12.25, 12.75, 12.75], "texture": "#0"},
				"south": {"uv": [0, 12.75, 3.75, 13.25], "texture": "#0"},
				"west": {"uv": [9, 12.75, 12.75, 13.25], "texture": "#0"},
				"up": {"uv": [7.75, 8.25, 4, 4.5], "texture": "#0"},
				"down": {"uv": [11.5, 4.5, 7.75, 8.25], "texture": "#0"}
			}
		},
		{
			"from": [14.1, 13.1, -1.1],
			"to": [17.1, 16.1, 17.1],
			"rotation": {"angle": 0, "axis": "y", "origin": [15.6, 14.6, 8]},
			"faces": {
				"north": {"uv": [8.25, 13, 9, 13.75], "texture": "#0"},
				"east": {"uv": [10.5, 3.25, 15, 4], "texture": "#0"},
				"south": {"uv": [2.25, 13.25, 3, 14], "texture": "#0"},
				"west": {"uv": [10.5, 3.25, 15, 4], "texture": "#0"},
				"up": {"uv": [6.75, 16, 6, 11.5], "rotation": 180, "texture": "#0"},
				"down": {"uv": [6, 11.5, 5.25, 16], "rotation": 180, "texture": "#0"}
			}
		},
		{
			"from": [2.1, 13.1, 13.9],
			"to": [14.1, 16.1, 17.1],
			"rotation": {"angle": 0, "axis": "y", "origin": [8.1, 14.6, 15.5]},
			"faces": {
				"north": {"uv": [9, 11.5, 12, 12.25], "texture": "#0"},
				"east": {"uv": [0.75, 13.25, 1.5, 14], "texture": "#0"},
				"south": {"uv": [9, 11.5, 12, 12.25], "texture": "#0"},
				"west": {"uv": [0, 13.25, 0.75, 14], "texture": "#0"},
				"up": {"uv": [15, 12.25, 12, 11.5], "rotation": 180, "texture": "#0"},
				"down": {"uv": [15, 8.5, 12, 9.25], "rotation": 180, "texture": "#0"}
			}
		},
		{
			"from": [-1.1, 13.1, -1.1],
			"to": [2.1, 16.1, 17.1],
			"rotation": {"angle": 0, "axis": "y", "origin": [11.5, 14.5, 11.5]},
			"faces": {
				"north": {"uv": [8.25, 13, 9, 13.75], "texture": "#0"},
				"east": {"uv": [11.5, 4, 16, 4.75], "texture": "#0"},
				"south": {"uv": [2.25, 13.25, 3, 14], "texture": "#0"},
				"west": {"uv": [10.5, 3.25, 15, 4], "texture": "#0"},
				"up": {"uv": [6.75, 16, 6, 11.5], "texture": "#0"},
				"down": {"uv": [7.5, 11.5, 6.75, 16], "texture": "#0"}
			}
		},
		{
			"from": [2.1, 13.1, -1.1],
			"to": [14.1, 16.1, 2.1],
			"rotation": {"angle": 0, "axis": "y", "origin": [11.5, 14.5, 11.5]},
			"faces": {
				"north": {"uv": [9, 11.5, 12, 12.25], "texture": "#0"},
				"east": {"uv": [3, 13.25, 3.75, 14], "texture": "#0"},
				"south": {"uv": [9, 11.5, 12, 12.25], "texture": "#0"},
				"west": {"uv": [9, 13.25, 9.75, 14], "texture": "#0"},
				"up": {"uv": [15, 12.25, 12, 11.5], "texture": "#0"},
				"down": {"uv": [15, 10.75, 12, 11.5], "texture": "#0"}
			}
		},
		{
			"from": [2.1, 15, 8],
			"to": [14.1, 32, 8],
			"faces": {
				"north": {"uv": [5.75, 0, 8.75, 4.25], "texture": "#0"},
				"east": {"uv": [5.75, 0, 5.75, 4.25], "texture": "#0"},
				"south": {"uv": [5.75, 0, 8.75, 4.25], "texture": "#0"},
				"west": {"uv": [0, 0, 0, 4.25], "texture": "#missing"},
				"up": {"uv": [0, 0, 3, 0], "texture": "#missing"},
				"down": {"uv": [0, 0, 3, 0], "texture": "#missing"}
			}
		},
		{
			"from": [8.1, 15, 2],
			"to": [8.1, 32, 14],
			"rotation": {"angle": 0, "axis": "y", "origin": [8.1, 23.5, 8]},
			"faces": {
				"north": {"uv": [5.75, 0, 5.75, 4.25], "texture": "#0"},
				"east": {"uv": [5.75, 0, 8.75, 4.25], "texture": "#0"},
				"south": {"uv": [0, 0, 0, 4.25], "texture": "#missing"},
				"west": {"uv": [5.75, 0, 8.75, 4.25], "texture": "#0"},
				"up": {"uv": [0, 0, 3, 0], "rotation": 90, "texture": "#missing"},
				"down": {"uv": [0, 0, 3, 0], "rotation": 270, "texture": "#missing"}
			}
		}
	],
	"display": {
		"thirdperson_righthand": {
			"rotation": [75, 45, 0],
			"translation": [0, 2.5, 0],
			"scale": [0.375, 0.375, 0.375]
		},
		"thirdperson_lefthand": {
			"rotation": [75, 45, 0],
			"translation": [0, 2.5, 0],
			"scale": [0.375, 0.375, 0.375]
		},
		"firstperson_righthand": {
			"rotation": [0, 45, 0],
			"scale": [0.4, 0.4, 0.4]
		},
		"firstperson_lefthand": {
			"rotation": [0, 225, 0],
			"scale": [0.4, 0.4, 0.4]
		},
		"ground": {
			"translation": [0, 3, 0],
			"scale": [0.25, 0.25, 0.25]
		},
		"gui": {
			"rotation": [30, 225, 0],
			"scale": [0.625, 0.625, 0.625]
		},
		"fixed": {
			"translation": [0, 1, 17],
			"scale": [2.10352, 2.10352, 2.10352]
		}
	}
}