{
	"credit": "Made with Blockbench",
	"textures": {
		"2": "./alchemist_potions",
		"particle": "./alchemist_glove"
	},
	"elements": [
		{
			"from": [7.3, 0, 7.2],
			"to": [8.7, 8, 8.2],
			"faces": {
				"north": {"uv": [4, 6.5, 4.25, 8.5], "texture": "#particle"},
				"east": {"uv": [4.25, 6.5, 4.5, 8.5], "texture": "#particle"},
				"south": {"uv": [4.5, 6.5, 4.75, 8.5], "texture": "#particle"},
				"west": {"uv": [4.75, 6.5, 5, 8.5], "texture": "#particle"},
				"up": {"uv": [8.25, 4.75, 8, 4.5], "texture": "#particle"},
				"down": {"uv": [8.25, 4.75, 8, 5], "texture": "#particle"}
			}
		},
		{
			"from": [5, 8, 7],
			"to": [11, 13, 8.4],
			"rotation": {"angle": 0, "axis": "y", "origin": [0, 1, 0]},
			"faces": {
				"north": {"uv": [1, 6.5, 2.5, 7.75], "texture": "#particle"},
				"east": {"uv": [5, 6.75, 5.25, 8], "texture": "#particle"},
				"south": {"uv": [2.5, 6.5, 4, 7.75], "texture": "#particle"},
				"west": {"uv": [5.25, 6.75, 5.5, 8], "texture": "#particle"},
				"up": {"uv": [6.5, 6.75, 5, 6.5], "texture": "#particle"},
				"down": {"uv": [8, 6.5, 6.5, 6.75], "texture": "#particle"}
			}
		},
		{
			"from": [7, 6, 7.02],
			"to": [9, 8, 8.38],
			"rotation": {"angle": 0, "axis": "y", "origin": [0, 1, 0]},
			"faces": {
				"north": {"uv": [6.5, 6.75, 7, 7.25], "texture": "#particle"},
				"east": {"uv": [8, 3, 8.25, 3.5], "texture": "#particle"},
				"south": {"uv": [7, 6.75, 7.5, 7.25], "texture": "#particle"},
				"west": {"uv": [8, 3.5, 8.25, 4], "texture": "#particle"},
				"up": {"uv": [8.5, 4.25, 8, 4], "texture": "#particle"},
				"down": {"uv": [8.5, 4.25, 8, 4.5], "texture": "#particle"}
			}
		},
		{
			"from": [9.6, 13, 7],
			"to": [11, 16, 8.4],
			"rotation": {"angle": 0, "axis": "y", "origin": [0, 6, 0]},
			"faces": {
				"north": {"uv": [2.75, 7.75, 3, 8.5], "texture": "#particle"},
				"east": {"uv": [3, 7.75, 3.25, 8.5], "texture": "#particle"},
				"south": {"uv": [3.25, 7.75, 3.5, 8.5], "texture": "#particle"},
				"west": {"uv": [3.5, 7.75, 3.75, 8.5], "texture": "#particle"},
				"up": {"uv": [5.25, 8.25, 5, 8], "texture": "#particle"},
				"down": {"uv": [8.25, 5, 8, 5.25], "texture": "#particle"}
			}
		},
		{
			"from": [8.1, 13, 7],
			"to": [9.5, 17, 8.4],
			"rotation": {"angle": 0, "axis": "y", "origin": [-1.5, 6, 0]},
			"faces": {
				"north": {"uv": [6.5, 7.25, 6.75, 8.25], "texture": "#particle"},
				"east": {"uv": [6.75, 7.25, 7, 8.25], "texture": "#particle"},
				"south": {"uv": [7, 7.25, 7.25, 8.25], "texture": "#particle"},
				"west": {"uv": [7.25, 7.25, 7.5, 8.25], "texture": "#particle"},
				"up": {"uv": [5.5, 8.25, 5.25, 8], "texture": "#particle"},
				"down": {"uv": [8.25, 5.25, 8, 5.5], "texture": "#particle"}
			}
		},
		{
			"from": [5.1, 13, 7],
			"to": [6.5, 17, 8.4],
			"rotation": {"angle": 0, "axis": "y", "origin": [-4.5, 6, 0]},
			"faces": {
				"north": {"uv": [7.5, 6.75, 7.75, 7.75], "texture": "#particle"},
				"east": {"uv": [1, 7.75, 1.25, 8.75], "texture": "#particle"},
				"south": {"uv": [1.25, 7.75, 1.5, 8.75], "texture": "#particle"},
				"west": {"uv": [1.5, 7.75, 1.75, 8.75], "texture": "#particle"},
				"up": {"uv": [5.75, 8.25, 5.5, 8], "texture": "#particle"},
				"down": {"uv": [8.25, 5.5, 8, 5.75], "texture": "#particle"}
			}
		},
		{
			"from": [3.4, 7.9, 7.01],
			"to": [4.78, 11.9, 8.39],
			"rotation": {"angle": 45, "axis": "z", "origin": [4.1, 9.9, 8]},
			"faces": {
				"north": {"uv": [1.75, 7.75, 2, 8.75], "texture": "#particle"},
				"east": {"uv": [2, 7.75, 2.25, 8.75], "texture": "#particle"},
				"south": {"uv": [2.25, 7.75, 2.5, 8.75], "texture": "#particle"},
				"west": {"uv": [2.5, 7.75, 2.75, 8.75], "texture": "#particle"},
				"up": {"uv": [6, 8.25, 5.75, 8], "texture": "#particle"},
				"down": {"uv": [8.25, 5.75, 8, 6], "texture": "#particle"}
			}
		},
		{
			"from": [6.6, 13, 7],
			"to": [8, 17.5, 8.4],
			"rotation": {"angle": 0, "axis": "y", "origin": [-3, 6, 0]},
			"faces": {
				"north": {"uv": [5.5, 6.75, 5.75, 8], "texture": "#particle"},
				"east": {"uv": [5.75, 6.75, 6, 8], "texture": "#particle"},
				"south": {"uv": [6, 6.75, 6.25, 8], "texture": "#particle"},
				"west": {"uv": [6.25, 6.75, 6.5, 8], "texture": "#particle"},
				"up": {"uv": [6.25, 8.25, 6, 8], "texture": "#particle"},
				"down": {"uv": [6.5, 8, 6.25, 8.25], "texture": "#particle"}
			}
		},
		{
			"from": [8.6, 5.6, 7.01],
			"to": [9.98, 8.4, 8.39],
			"rotation": {"angle": -45, "axis": "z", "origin": [10, 7, 8]},
			"faces": {
				"north": {"uv": [3.75, 7.75, 4, 8.5], "texture": "#particle"},
				"east": {"uv": [7.75, 6.75, 8, 7.5], "texture": "#particle"},
				"south": {"uv": [7.5, 7.75, 7.75, 8.5], "texture": "#particle"},
				"west": {"uv": [7.75, 7.5, 8, 8.25], "texture": "#particle"},
				"up": {"uv": [8.25, 6.75, 8, 6.5], "texture": "#particle"},
				"down": {"uv": [8.25, 6.75, 8, 7], "texture": "#particle"}
			}
		},
		{
			"from": [5.80503, 6.09497, 7.01],
			"to": [7.18503, 8.89497, 8.39],
			"rotation": {"angle": 45, "axis": "z", "origin": [6.50503, 7.49497, 8]},
			"faces": {
				"north": {"uv": [8, 0, 8.25, 0.75], "texture": "#particle"},
				"east": {"uv": [8, 0.75, 8.25, 1.5], "texture": "#particle"},
				"south": {"uv": [8, 1.5, 8.25, 2.25], "texture": "#particle"},
				"west": {"uv": [8, 2.25, 8.25, 3], "texture": "#particle"},
				"up": {"uv": [8.25, 7.25, 8, 7], "texture": "#particle"},
				"down": {"uv": [8.25, 7.25, 8, 7.5], "texture": "#particle"}
			}
		},
		{
			"from": [0, 0, 6.9],
			"to": [16, 24, 8.5],
			"faces": {
				"north": {"uv": [0, 0, 4, 6], "texture": "#particle"},
				"east": {"uv": [0, 6, 0.5, 12], "texture": "#particle"},
				"south": {"uv": [4, 0, 8, 6], "texture": "#particle"},
				"west": {"uv": [0.5, 6, 1, 12], "texture": "#particle"},
				"up": {"uv": [5, 6.5, 1, 6], "texture": "#particle"},
				"down": {"uv": [9, 6, 5, 6.5], "texture": "#particle"}
			}
		},
		{
			"from": [5.2, 4, 5.5],
			"to": [6.8, 6, 7.1],
			"rotation": {"angle": -22.5, "axis": "z", "origin": [10, 6.65, 6]},
			"faces": {
				"north": {"uv": [0, 0, 2, 2], "texture": "#2"},
				"east": {"uv": [0, 2, 2, 4], "texture": "#2"},
				"south": {"uv": [2, 0, 4, 2], "texture": "#2"},
				"west": {"uv": [2, 2, 4, 4], "texture": "#2"},
				"up": {"uv": [2, 6, 0, 4], "texture": "#2"},
				"down": {"uv": [6, 0, 4, 2], "texture": "#2"}
			}
		},
		{
			"from": [5.4, 6, 5.8],
			"to": [6.6, 6.2, 6.8],
			"rotation": {"angle": -22.5, "axis": "z", "origin": [10, 6.65, 6]},
			"faces": {
				"north": {"uv": [0, 12, 1, 13], "texture": "#2"},
				"east": {"uv": [12, 0, 13, 1], "texture": "#2"},
				"south": {"uv": [1, 12, 2, 13], "texture": "#2"},
				"west": {"uv": [12, 1, 13, 2], "texture": "#2"},
				"up": {"uv": [3, 13, 2, 12], "texture": "#2"},
				"down": {"uv": [13, 2, 12, 3], "texture": "#2"}
			}
		},
		{
			"from": [5.3, 6.1, 5.7],
			"to": [6.7, 6.5, 6.9],
			"rotation": {"angle": -22.5, "axis": "z", "origin": [10, 6.65, 6]},
			"faces": {
				"north": {"uv": [3, 12, 4, 13], "texture": "#2"},
				"east": {"uv": [12, 3, 13, 4], "texture": "#2"},
				"south": {"uv": [4, 12, 5, 13], "texture": "#2"},
				"west": {"uv": [12, 4, 13, 5], "texture": "#2"},
				"up": {"uv": [6, 13, 5, 12], "texture": "#2"},
				"down": {"uv": [13, 5, 12, 6], "texture": "#2"}
			}
		},
		{
			"from": [7.2218, 6.80685, 5.7],
			"to": [8.6218, 7.20685, 6.9],
			"rotation": {"angle": 0, "axis": "y", "origin": [5.9218, 7.25685, 6.3]},
			"faces": {
				"north": {"uv": [6, 12, 7, 13], "texture": "#2"},
				"east": {"uv": [12, 6, 13, 7], "texture": "#2"},
				"south": {"uv": [7, 12, 8, 13], "texture": "#2"},
				"west": {"uv": [12, 7, 13, 8], "texture": "#2"},
				"up": {"uv": [9, 13, 8, 12], "texture": "#2"},
				"down": {"uv": [13, 8, 12, 9], "texture": "#2"}
			}
		},
		{
			"from": [7.3218, 6.70685, 5.8],
			"to": [8.5218, 6.90685, 6.8],
			"rotation": {"angle": 0, "axis": "y", "origin": [5.9218, 7.25685, 6.3]},
			"faces": {
				"north": {"uv": [9, 12, 10, 13], "texture": "#2"},
				"east": {"uv": [12, 9, 13, 10], "texture": "#2"},
				"south": {"uv": [10, 12, 11, 13], "texture": "#2"},
				"west": {"uv": [12, 10, 13, 11], "texture": "#2"},
				"up": {"uv": [12, 13, 11, 12], "texture": "#2"},
				"down": {"uv": [13, 11, 12, 12], "texture": "#2"}
			}
		},
		{
			"from": [7.1218, 4.70685, 5.5],
			"to": [8.7218, 6.70685, 7.1],
			"rotation": {"angle": 0, "axis": "y", "origin": [5.9218, 7.25685, 6.3]},
			"faces": {
				"north": {"uv": [2, 4, 4, 6], "texture": "#2"},
				"east": {"uv": [4, 2, 6, 4], "texture": "#2"},
				"south": {"uv": [4, 4, 6, 6], "texture": "#2"},
				"west": {"uv": [0, 6, 2, 8], "texture": "#2"},
				"up": {"uv": [8, 2, 6, 0], "texture": "#2"},
				"down": {"uv": [4, 6, 2, 8], "texture": "#2"}
			}
		},
		{
			"from": [9.3, 7.1, 5.7],
			"to": [10.7, 7.5, 6.9],
			"rotation": {"angle": 22.5, "axis": "z", "origin": [10, 6.65, 6]},
			"faces": {
				"north": {"uv": [12, 12, 13, 13], "texture": "#2"},
				"east": {"uv": [0, 13, 1, 14], "texture": "#2"},
				"south": {"uv": [13, 0, 14, 1], "texture": "#2"},
				"west": {"uv": [1, 13, 2, 14], "texture": "#2"},
				"up": {"uv": [14, 2, 13, 1], "texture": "#2"},
				"down": {"uv": [3, 13, 2, 14], "texture": "#2"}
			}
		},
		{
			"from": [9.4, 7, 5.8],
			"to": [10.6, 7.2, 6.8],
			"rotation": {"angle": 22.5, "axis": "z", "origin": [10, 6.65, 6]},
			"faces": {
				"north": {"uv": [13, 2, 14, 3], "texture": "#2"},
				"east": {"uv": [3, 13, 4, 14], "texture": "#2"},
				"south": {"uv": [13, 3, 14, 4], "texture": "#2"},
				"west": {"uv": [4, 13, 5, 14], "texture": "#2"},
				"up": {"uv": [14, 5, 13, 4], "texture": "#2"},
				"down": {"uv": [6, 13, 5, 14], "texture": "#2"}
			}
		},
		{
			"from": [9.2, 5, 5.5],
			"to": [10.8, 7, 7.1],
			"rotation": {"angle": 22.5, "axis": "z", "origin": [10, 6.65, 6]},
			"faces": {
				"north": {"uv": [6, 2, 8, 4], "texture": "#2"},
				"east": {"uv": [4, 6, 6, 8], "texture": "#2"},
				"south": {"uv": [6, 4, 8, 6], "texture": "#2"},
				"west": {"uv": [6, 6, 8, 8], "texture": "#2"},
				"up": {"uv": [2, 10, 0, 8], "texture": "#2"},
				"down": {"uv": [10, 0, 8, 2], "texture": "#2"}
			}
		},
		{
			"from": [9.3, 7.1, 8.4],
			"to": [10.7, 7.5, 9.6],
			"rotation": {"angle": 22.5, "axis": "z", "origin": [10, 6.65, 8.7]},
			"faces": {
				"north": {"uv": [13, 5, 14, 6], "texture": "#2"},
				"east": {"uv": [6, 13, 7, 14], "texture": "#2"},
				"south": {"uv": [13, 6, 14, 7], "texture": "#2"},
				"west": {"uv": [7, 13, 8, 14], "texture": "#2"},
				"up": {"uv": [14, 8, 13, 7], "texture": "#2"},
				"down": {"uv": [9, 13, 8, 14], "texture": "#2"}
			}
		},
		{
			"from": [9.4, 7, 8.5],
			"to": [10.6, 7.2, 9.5],
			"rotation": {"angle": 22.5, "axis": "z", "origin": [10, 6.65, 8.7]},
			"faces": {
				"north": {"uv": [13, 8, 14, 9], "texture": "#2"},
				"east": {"uv": [9, 13, 10, 14], "texture": "#2"},
				"south": {"uv": [13, 9, 14, 10], "texture": "#2"},
				"west": {"uv": [10, 13, 11, 14], "texture": "#2"},
				"up": {"uv": [14, 11, 13, 10], "texture": "#2"},
				"down": {"uv": [12, 13, 11, 14], "texture": "#2"}
			}
		},
		{
			"from": [9.2, 5, 8.2],
			"to": [10.8, 7, 9.8],
			"rotation": {"angle": 22.5, "axis": "z", "origin": [10, 6.65, 8.7]},
			"faces": {
				"north": {"uv": [2, 8, 4, 10], "texture": "#2"},
				"east": {"uv": [8, 2, 10, 4], "texture": "#2"},
				"south": {"uv": [4, 8, 6, 10], "texture": "#2"},
				"west": {"uv": [8, 4, 10, 6], "texture": "#2"},
				"up": {"uv": [8, 10, 6, 8], "texture": "#2"},
				"down": {"uv": [10, 6, 8, 8], "texture": "#2"}
			}
		},
		{
			"from": [7.1218, 4.70685, 8.2],
			"to": [8.7218, 6.70685, 9.8],
			"rotation": {"angle": 0, "axis": "y", "origin": [5.9218, 7.25685, 9]},
			"faces": {
				"north": {"uv": [8, 8, 10, 10], "texture": "#2"},
				"east": {"uv": [0, 10, 2, 12], "texture": "#2"},
				"south": {"uv": [10, 0, 12, 2], "texture": "#2"},
				"west": {"uv": [2, 10, 4, 12], "texture": "#2"},
				"up": {"uv": [12, 4, 10, 2], "texture": "#2"},
				"down": {"uv": [6, 10, 4, 12], "texture": "#2"}
			}
		},
		{
			"from": [7.2218, 6.80685, 8.4],
			"to": [8.6218, 7.20685, 9.6],
			"rotation": {"angle": 0, "axis": "y", "origin": [5.9218, 7.25685, 9]},
			"faces": {
				"north": {"uv": [13, 11, 14, 12], "texture": "#2"},
				"east": {"uv": [12, 13, 13, 14], "texture": "#2"},
				"south": {"uv": [13, 12, 14, 13], "texture": "#2"},
				"west": {"uv": [13, 13, 14, 14], "texture": "#2"},
				"up": {"uv": [1, 15, 0, 14], "texture": "#2"},
				"down": {"uv": [15, 0, 14, 1], "texture": "#2"}
			}
		},
		{
			"from": [7.3218, 6.70685, 8.5],
			"to": [8.5218, 6.90685, 9.5],
			"rotation": {"angle": 0, "axis": "y", "origin": [5.9218, 7.25685, 9]},
			"faces": {
				"north": {"uv": [1, 14, 2, 15], "texture": "#2"},
				"east": {"uv": [14, 1, 15, 2], "texture": "#2"},
				"south": {"uv": [2, 14, 3, 15], "texture": "#2"},
				"west": {"uv": [14, 2, 15, 3], "texture": "#2"},
				"up": {"uv": [4, 15, 3, 14], "texture": "#2"},
				"down": {"uv": [15, 3, 14, 4], "texture": "#2"}
			}
		},
		{
			"from": [5.3, 6.1, 8.4],
			"to": [6.7, 6.5, 9.6],
			"rotation": {"angle": -22.5, "axis": "z", "origin": [10, 6.65, 8.7]},
			"faces": {
				"north": {"uv": [4, 14, 5, 15], "texture": "#2"},
				"east": {"uv": [14, 4, 15, 5], "texture": "#2"},
				"south": {"uv": [5, 14, 6, 15], "texture": "#2"},
				"west": {"uv": [14, 5, 15, 6], "texture": "#2"},
				"up": {"uv": [7, 15, 6, 14], "texture": "#2"},
				"down": {"uv": [15, 6, 14, 7], "texture": "#2"}
			}
		},
		{
			"from": [5.4, 6, 8.5],
			"to": [6.6, 6.2, 9.5],
			"rotation": {"angle": -22.5, "axis": "z", "origin": [10, 6.65, 8.7]},
			"faces": {
				"north": {"uv": [7, 14, 8, 15], "texture": "#2"},
				"east": {"uv": [14, 7, 15, 8], "texture": "#2"},
				"south": {"uv": [8, 14, 9, 15], "texture": "#2"},
				"west": {"uv": [14, 8, 15, 9], "texture": "#2"},
				"up": {"uv": [10, 15, 9, 14], "texture": "#2"},
				"down": {"uv": [15, 9, 14, 10], "texture": "#2"}
			}
		},
		{
			"from": [5.2, 4, 8.2],
			"to": [6.8, 6, 9.8],
			"rotation": {"angle": -22.5, "axis": "z", "origin": [10, 6.65, 8.7]},
			"faces": {
				"north": {"uv": [10, 4, 12, 6], "texture": "#2"},
				"east": {"uv": [6, 10, 8, 12], "texture": "#2"},
				"south": {"uv": [10, 6, 12, 8], "texture": "#2"},
				"west": {"uv": [8, 10, 10, 12], "texture": "#2"},
				"up": {"uv": [12, 10, 10, 8], "texture": "#2"},
				"down": {"uv": [12, 10, 10, 12], "texture": "#2"}
			}
		}
	],
	"display": {
		"thirdperson_righthand": {
			"rotation": [-78.44, 82.87, 82.86],
			"translation": [0, 5.75, 1.25]
		},
		"thirdperson_lefthand": {
			"rotation": [-177.25, 0, 0],
			"translation": [0, -7, 0.75]
		},
		"firstperson_righthand": {
			"rotation": [73.05, 79.15, -104.45],
			"translation": [0, 3, 0]
		},
		"firstperson_lefthand": {
			"rotation": [133.5, 0, 10],
			"translation": [0, 0, 1.75]
		},
		"gui": {
			"rotation": [-44.99, -32.33, -62.82],
			"translation": [-0.5, -0.5, 0]
		},
		"head": {
			"translation": [0, 13, 0]
		}
	},
	"groups": [
		0,
		1,
		2,
		3,
		4,
		5,
		6,
		7,
		8,
		9,
		10,
		{
			"name": "group",
			"origin": [10, 6.65, 8.7],
			"color": 0,
			"nbt": "{}",
			"children": [11, 12, 13, 14, 15, 16, 17, 18, 19, 20, 21, 22, 23, 24, 25, 26, 27, 28]
		}
	]
}