{
	"credit": "Made with Blockbench",
	"texture_size": [64, 64],
	"textures": {
		"1": "./dual_one",
		"particle": "./dual_two"
	},
	"elements": [
		{
			"from": [5.3, 0, 6.2],
			"to": [6.7, 8, 7.2],
			"rotation": {"angle": 22.5, "axis": "z", "origin": [5.19646, 9.625, 6.7]},
			"faces": {
				"north": {"uv": [4, 6.5, 4.25, 8.5], "texture": "#particle"},
				"east": {"uv": [4.25, 6.5, 4.5, 8.5], "texture": "#particle"},
				"south": {"uv": [4.5, 6.5, 4.75, 8.5], "texture": "#particle"},
				"west": {"uv": [4.75, 6.5, 5, 8.5], "texture": "#particle"},
				"up": {"uv": [8.25, 4.75, 8, 4.5], "texture": "#particle"},
				"down": {"uv": [8.25, 4.75, 8, 5], "texture": "#particle"}
			}
		},
		{
			"from": [3, 8, 6],
			"to": [9, 13, 7.4],
			"rotation": {"angle": 22.5, "axis": "z", "origin": [5.19646, 9.625, 6.7]},
			"faces": {
				"north": {"uv": [1, 6.5, 2.5, 7.75], "texture": "#particle"},
				"east": {"uv": [5, 6.75, 5.25, 8], "texture": "#particle"},
				"south": {"uv": [2.5, 6.5, 4, 7.75], "texture": "#particle"},
				"west": {"uv": [5.25, 6.75, 5.5, 8], "texture": "#particle"},
				"up": {"uv": [6.5, 6.75, 5, 6.5], "texture": "#particle"},
				"down": {"uv": [8, 6.5, 6.5, 6.75], "texture": "#particle"}
			}
		},
		{
			"from": [5, 6, 6.02],
			"to": [7, 8, 7.38],
			"rotation": {"angle": 22.5, "axis": "z", "origin": [5.19646, 9.625, 6.7]},
			"faces": {
				"north": {"uv": [6.5, 6.75, 7, 7.25], "texture": "#particle"},
				"east": {"uv": [8, 3, 8.25, 3.5], "texture": "#particle"},
				"south": {"uv": [7, 6.75, 7.5, 7.25], "texture": "#particle"},
				"west": {"uv": [8, 3.5, 8.25, 4], "texture": "#particle"},
				"up": {"uv": [8.5, 4.25, 8, 4], "texture": "#particle"},
				"down": {"uv": [8.5, 4.25, 8, 4.5], "texture": "#particle"}
			}
		},
		{
			"from": [7.6, 13, 6],
			"to": [9, 16, 7.4],
			"rotation": {"angle": 22.5, "axis": "z", "origin": [5.19646, 9.625, 6.7]},
			"faces": {
				"north": {"uv": [2.75, 7.75, 3, 8.5], "texture": "#particle"},
				"east": {"uv": [3, 7.75, 3.25, 8.5], "texture": "#particle"},
				"south": {"uv": [3.25, 7.75, 3.5, 8.5], "texture": "#particle"},
				"west": {"uv": [3.5, 7.75, 3.75, 8.5], "texture": "#particle"},
				"up": {"uv": [5.25, 8.25, 5, 8], "texture": "#particle"},
				"down": {"uv": [8.25, 5, 8, 5.25], "texture": "#particle"}
			}
		},
		{
			"from": [6.1, 13, 6],
			"to": [7.5, 17, 7.4],
			"rotation": {"angle": 22.5, "axis": "z", "origin": [5.19646, 9.625, 6.7]},
			"faces": {
				"north": {"uv": [6.5, 7.25, 6.75, 8.25], "texture": "#particle"},
				"east": {"uv": [6.75, 7.25, 7, 8.25], "texture": "#particle"},
				"south": {"uv": [7, 7.25, 7.25, 8.25], "texture": "#particle"},
				"west": {"uv": [7.25, 7.25, 7.5, 8.25], "texture": "#particle"},
				"up": {"uv": [5.5, 8.25, 5.25, 8], "texture": "#particle"},
				"down": {"uv": [8.25, 5.25, 8, 5.5], "texture": "#particle"}
			}
		},
		{
			"from": [3.1, 13, 6],
			"to": [4.5, 17, 7.4],
			"rotation": {"angle": 22.5, "axis": "z", "origin": [5.19646, 9.625, 6.7]},
			"faces": {
				"north": {"uv": [7.5, 6.75, 7.75, 7.75], "texture": "#particle"},
				"east": {"uv": [1, 7.75, 1.25, 8.75], "texture": "#particle"},
				"south": {"uv": [1.25, 7.75, 1.5, 8.75], "texture": "#particle"},
				"west": {"uv": [1.5, 7.75, 1.75, 8.75], "texture": "#particle"},
				"up": {"uv": [5.75, 8.25, 5.5, 8], "texture": "#particle"},
				"down": {"uv": [8.25, 5.5, 8, 5.75], "texture": "#particle"}
			}
		},
		{
			"from": [0.81248, 6.92992, 6.01],
			"to": [4.81248, 8.30992, 7.39],
			"rotation": {"angle": -22.5, "axis": "z", "origin": [5.19646, 9.625, 6.7]},
			"faces": {
				"north": {"uv": [1.75, 7.75, 2, 8.75], "rotation": 90, "texture": "#particle"},
				"east": {"uv": [8.25, 5.75, 8, 6], "rotation": 270, "texture": "#particle"},
				"south": {"uv": [2.25, 7.75, 2.5, 8.75], "rotation": 270, "texture": "#particle"},
				"west": {"uv": [6, 8.25, 5.75, 8], "rotation": 270, "texture": "#particle"},
				"up": {"uv": [2, 7.75, 2.25, 8.75], "rotation": 270, "texture": "#particle"},
				"down": {"uv": [2.5, 7.75, 2.75, 8.75], "rotation": 270, "texture": "#particle"}
			}
		},
		{
			"from": [4.6, 13, 6],
			"to": [6, 17.5, 7.4],
			"rotation": {"angle": 22.5, "axis": "z", "origin": [5.19646, 9.625, 6.7]},
			"faces": {
				"north": {"uv": [5.5, 6.75, 5.75, 8], "texture": "#particle"},
				"east": {"uv": [5.75, 6.75, 6, 8], "texture": "#particle"},
				"south": {"uv": [6, 6.75, 6.25, 8], "texture": "#particle"},
				"west": {"uv": [6.25, 6.75, 6.5, 8], "texture": "#particle"},
				"up": {"uv": [6.25, 8.25, 6, 8], "texture": "#particle"},
				"down": {"uv": [6.5, 8, 6.25, 8.25], "texture": "#particle"}
			}
		},
		{
			"from": [7.63502, 8.35124, 6.01],
			"to": [9.01502, 11.15124, 7.39],
			"rotation": {"angle": -22.5, "axis": "z", "origin": [5.19646, 9.625, 6.7]},
			"faces": {
				"north": {"uv": [3.75, 7.75, 4, 8.5], "texture": "#particle"},
				"east": {"uv": [7.75, 6.75, 8, 7.5], "texture": "#particle"},
				"south": {"uv": [7.5, 7.75, 7.75, 8.5], "texture": "#particle"},
				"west": {"uv": [7.75, 7.5, 8, 8.25], "texture": "#particle"},
				"up": {"uv": [8.25, 6.75, 8, 6.5], "texture": "#particle"},
				"down": {"uv": [8.25, 6.75, 8, 7], "texture": "#particle"}
			}
		},
		{
			"from": [4.81371, 6.92992, 6.01],
			"to": [7.61371, 8.30992, 7.39],
			"rotation": {"angle": -22.5, "axis": "z", "origin": [5.19646, 9.625, 6.7]},
			"faces": {
				"north": {"uv": [8, 0, 8.25, 0.75], "rotation": 90, "texture": "#particle"},
				"east": {"uv": [8.25, 7.25, 8, 7.5], "rotation": 270, "texture": "#particle"},
				"south": {"uv": [8, 1.5, 8.25, 2.25], "rotation": 270, "texture": "#particle"},
				"west": {"uv": [8.25, 7.25, 8, 7], "rotation": 270, "texture": "#particle"},
				"up": {"uv": [8, 0.75, 8.25, 1.5], "rotation": 270, "texture": "#particle"},
				"down": {"uv": [8, 2.25, 8.25, 3], "rotation": 270, "texture": "#particle"}
			}
		},
		{
			"from": [-2, 0, 5.9],
			"to": [14, 24, 7.5],
			"rotation": {"angle": 22.5, "axis": "z", "origin": [5.19646, 9.625, 6.7]},
			"faces": {
				"north": {"uv": [0, 0, 4, 6], "texture": "#particle"},
				"east": {"uv": [0, 6, 0.5, 12], "texture": "#particle"},
				"south": {"uv": [4, 0, 8, 6], "texture": "#particle"},
				"west": {"uv": [0.5, 6, 1, 12], "texture": "#particle"},
				"up": {"uv": [5, 6.5, 1, 6], "texture": "#particle"},
				"down": {"uv": [9, 6, 5, 6.5], "texture": "#particle"}
			}
		},
		{
			"from": [9.3, 0, 9.2],
			"to": [10.7, 8, 10.2],
			"rotation": {"angle": -22.5, "axis": "z", "origin": [9.19646, 9.625, 9.7]},
			"faces": {
				"north": {"uv": [4, 6.5, 4.25, 8.5], "texture": "#1"},
				"east": {"uv": [4.25, 6.5, 4.5, 8.5], "texture": "#1"},
				"south": {"uv": [4.5, 6.5, 4.75, 8.5], "texture": "#1"},
				"west": {"uv": [4.75, 6.5, 5, 8.5], "texture": "#1"},
				"up": {"uv": [8.25, 4.75, 8, 4.5], "texture": "#1"},
				"down": {"uv": [8.25, 4.75, 8, 5], "texture": "#1"}
			}
		},
		{
			"from": [7, 8, 9],
			"to": [13, 13, 10.4],
			"rotation": {"angle": -22.5, "axis": "z", "origin": [9.19646, 9.625, 9.7]},
			"faces": {
				"north": {"uv": [1, 6.5, 2.5, 7.75], "texture": "#1"},
				"east": {"uv": [5, 6.75, 5.25, 8], "texture": "#1"},
				"south": {"uv": [2.5, 6.5, 4, 7.75], "texture": "#1"},
				"west": {"uv": [5.25, 6.75, 5.5, 8], "texture": "#1"},
				"up": {"uv": [6.5, 6.75, 5, 6.5], "texture": "#1"},
				"down": {"uv": [8, 6.5, 6.5, 6.75], "texture": "#1"}
			}
		},
		{
			"from": [9, 6, 9.02],
			"to": [11, 8, 10.38],
			"rotation": {"angle": -22.5, "axis": "z", "origin": [9.19646, 9.625, 9.7]},
			"faces": {
				"north": {"uv": [6.5, 6.75, 7, 7.25], "texture": "#1"},
				"east": {"uv": [8, 3, 8.25, 3.5], "texture": "#1"},
				"south": {"uv": [7, 6.75, 7.5, 7.25], "texture": "#1"},
				"west": {"uv": [8, 3.5, 8.25, 4], "texture": "#1"},
				"up": {"uv": [8.5, 4.25, 8, 4], "texture": "#1"},
				"down": {"uv": [8.5, 4.25, 8, 4.5], "texture": "#1"}
			}
		},
		{
			"from": [11.6, 13, 9],
			"to": [13, 16, 10.4],
			"rotation": {"angle": -22.5, "axis": "z", "origin": [9.19646, 9.625, 9.7]},
			"faces": {
				"north": {"uv": [2.75, 7.75, 3, 8.5], "texture": "#1"},
				"east": {"uv": [3, 7.75, 3.25, 8.5], "texture": "#1"},
				"south": {"uv": [3.25, 7.75, 3.5, 8.5], "texture": "#1"},
				"west": {"uv": [3.5, 7.75, 3.75, 8.5], "texture": "#1"},
				"up": {"uv": [5.25, 8.25, 5, 8], "texture": "#1"},
				"down": {"uv": [8.25, 5, 8, 5.25], "texture": "#1"}
			}
		},
		{
			"from": [10.1, 13, 9],
			"to": [11.5, 17, 10.4],
			"rotation": {"angle": -22.5, "axis": "z", "origin": [9.19646, 9.625, 9.7]},
			"faces": {
				"north": {"uv": [6.5, 7.25, 6.75, 8.25], "texture": "#1"},
				"east": {"uv": [6.75, 7.25, 7, 8.25], "texture": "#1"},
				"south": {"uv": [7, 7.25, 7.25, 8.25], "texture": "#1"},
				"west": {"uv": [7.25, 7.25, 7.5, 8.25], "texture": "#1"},
				"up": {"uv": [5.5, 8.25, 5.25, 8], "texture": "#1"},
				"down": {"uv": [8.25, 5.25, 8, 5.5], "texture": "#1"}
			}
		},
		{
			"from": [7.1, 13, 9],
			"to": [8.5, 17, 10.4],
			"rotation": {"angle": -22.5, "axis": "z", "origin": [9.19646, 9.625, 9.7]},
			"faces": {
				"north": {"uv": [7.5, 6.75, 7.75, 7.75], "texture": "#1"},
				"east": {"uv": [1, 7.75, 1.25, 8.75], "texture": "#1"},
				"south": {"uv": [1.25, 7.75, 1.5, 8.75], "texture": "#1"},
				"west": {"uv": [1.5, 7.75, 1.75, 8.75], "texture": "#1"},
				"up": {"uv": [5.75, 8.25, 5.5, 8], "texture": "#1"},
				"down": {"uv": [8.25, 5.5, 8, 5.75], "texture": "#1"}
			}
		},
		{
			"from": [6.50139, 10.00899, 9.01],
			"to": [7.88139, 14.00899, 10.39],
			"rotation": {"angle": 22.5, "axis": "z", "origin": [9.19646, 9.625, 9.7]},
			"faces": {
				"north": {"uv": [1.75, 7.75, 2, 8.75], "texture": "#1"},
				"east": {"uv": [2, 7.75, 2.25, 8.75], "texture": "#1"},
				"south": {"uv": [2.25, 7.75, 2.5, 8.75], "texture": "#1"},
				"west": {"uv": [2.5, 7.75, 2.75, 8.75], "texture": "#1"},
				"up": {"uv": [6, 8.25, 5.75, 8], "texture": "#1"},
				"down": {"uv": [8.25, 5.75, 8, 6], "texture": "#1"}
			}
		},
		{
			"from": [8.6, 13, 9],
			"to": [10, 17.5, 10.4],
			"rotation": {"angle": -22.5, "axis": "z", "origin": [9.19646, 9.625, 9.7]},
			"faces": {
				"north": {"uv": [5.5, 6.75, 5.75, 8], "texture": "#1"},
				"east": {"uv": [5.75, 6.75, 6, 8], "texture": "#1"},
				"south": {"uv": [6, 6.75, 6.25, 8], "texture": "#1"},
				"west": {"uv": [6.25, 6.75, 6.5, 8], "texture": "#1"},
				"up": {"uv": [6.25, 8.25, 6, 8], "texture": "#1"},
				"down": {"uv": [6.5, 8, 6.25, 8.25], "texture": "#1"}
			}
		},
		{
			"from": [7.92271, 5.80645, 9.01],
			"to": [10.72271, 7.18645, 10.39],
			"rotation": {"angle": 22.5, "axis": "z", "origin": [9.19646, 9.625, 9.7]},
			"faces": {
				"north": {"uv": [3.75, 7.75, 4, 8.5], "rotation": 270, "texture": "#1"},
				"east": {"uv": [8.25, 6.75, 8, 6.5], "rotation": 90, "texture": "#1"},
				"south": {"uv": [7.5, 7.75, 7.75, 8.5], "rotation": 90, "texture": "#1"},
				"west": {"uv": [8.25, 6.75, 8, 7], "rotation": 90, "texture": "#1"},
				"up": {"uv": [7.75, 7.5, 8, 8.25], "rotation": 90, "texture": "#1"},
				"down": {"uv": [7.75, 6.75, 8, 7.5], "rotation": 90, "texture": "#1"}
			}
		},
		{
			"from": [6.50139, 7.20776, 9.01],
			"to": [7.88139, 10.00776, 10.39],
			"rotation": {"angle": 22.5, "axis": "z", "origin": [9.19646, 9.625, 9.7]},
			"faces": {
				"north": {"uv": [8, 0, 8.25, 0.75], "texture": "#1"},
				"east": {"uv": [8, 0.75, 8.25, 1.5], "texture": "#1"},
				"south": {"uv": [8, 1.5, 8.25, 2.25], "texture": "#1"},
				"west": {"uv": [8, 2.25, 8.25, 3], "texture": "#1"},
				"up": {"uv": [8.25, 7.25, 8, 7], "texture": "#1"},
				"down": {"uv": [8.25, 7.25, 8, 7.5], "texture": "#1"}
			}
		},
		{
			"from": [2, 0, 8.9],
			"to": [18, 24, 10.5],
			"rotation": {"angle": -22.5, "axis": "z", "origin": [9.19646, 9.625, 9.7]},
			"faces": {
				"north": {"uv": [0, 0, 4, 6], "texture": "#1"},
				"east": {"uv": [0, 6, 0.5, 12], "texture": "#1"},
				"south": {"uv": [4, 0, 8, 6], "texture": "#1"},
				"west": {"uv": [0.5, 6, 1, 12], "texture": "#1"},
				"up": {"uv": [5, 6.5, 1, 6], "texture": "#1"},
				"down": {"uv": [9, 6, 5, 6.5], "texture": "#1"}
			}
		}
	],
	"display": {
		"thirdperson_righthand": {
			"rotation": [-78.44, 82.87, 82.86],
			"translation": [0, 5.75, 1.25]
		},
		"thirdperson_lefthand": {
			"rotation": [-177.25, 0, 0],
			"translation": [0, -7, 0.75]
		},
		"firstperson_righthand": {
			"rotation": [73.05, 79.15, -104.45],
			"translation": [0, 3, 0]
		},
		"firstperson_lefthand": {
			"rotation": [133.5, 0, 10],
			"translation": [0, 0, 1.75]
		},
		"gui": {
			"rotation": [-44.99, -32.33, -62.82],
			"translation": [-0.5, -0.5, 0]
		},
		"head": {
			"translation": [0, 13, 0]
		}
	},
	"groups": [
		0,
		1,
		2,
		3,
		4,
		5,
		6,
		7,
		8,
		9,
		10,
		{
			"name": "group",
			"origin": [0, 0, 3],
			"color": 0,
			"nbt": "{}",
			"children": [11, 12, 13, 14, 15, 16, 17, 18, 19, 20, 21]
		}
	]
}