{
	"credit": "Made with Blockbench",
	"texture_size": [32, 32],
	"textures": {
		"0": "./bomb"
	},
	"elements": [
		{
			"from": [0, 0, 8],
			"to": [16, 17, 8],
			"faces": {
				"north": {"uv": [0, 0, 8, 8.5], "texture": "#0"},
				"east": {"uv": [0, 0, 0, 8.5], "texture": "#0"},
				"south": {"uv": [0, 0, 8, 8.5], "texture": "#0"},
				"west": {"uv": [0, 0, 0, 8.5], "texture": "#0"},
				"up": {"uv": [8, 0, 0, 0], "texture": "#0"},
				"down": {"uv": [8, 0, 0, 0], "texture": "#0"}
			}
		}
	]
}