{
	"credit": "Made with Blockbench",
	"texture_size": [64, 64],
	"textures": {
		"0": "./pillow",
		"particle": "./pillow"
	},
	"elements": [
		{
			"from": [0, 0, 0],
			"to": [16, 7, 16],
			"faces": {
				"north": {"uv": [7.5, 1.75, 11.5, 3.5], "texture": "#0"},
				"east": {"uv": [7.5, 1.75, 11.5, 3.5], "texture": "#0"},
				"south": {"uv": [7.5, 1.75, 11.5, 3.5], "texture": "#0"},
				"west": {"uv": [7.5, 1.75, 11.5, 3.5], "texture": "#0"},
				"up": {"uv": [4, 4, 0, 0], "texture": "#0"},
				"down": {"uv": [4, 4, 0, 8], "texture": "#0"}
			}
		},
		{
			"from": [1, 7, 1],
			"to": [15, 7, 15],
			"faces": {
				"north": {"uv": [7.5, 5.25, 11, 5.5], "texture": "#0"},
				"east": {"uv": [7.5, 5.5, 11, 5.75], "texture": "#0"},
				"south": {"uv": [7.5, 5.75, 11, 6], "texture": "#0"},
				"west": {"uv": [7.5, 6, 11, 6.25], "texture": "#0"},
				"up": {"uv": [7.5, 3.5, 4, 0], "texture": "#0"},
				"down": {"uv": [7.5, 3.5, 4, 7], "texture": "#0"}
			}
		}
	]
}