{
	"credit": "Made with Blockbench",
	"textures": {
		"0": "./headphones",
		"particle": "./headphones"
	},
	"elements": [
		{
			"from": [0, 2, 0],
			"to": [1, 5, 3],
			"faces": {
				"north": {"uv": [10, 11, 11, 14], "texture": "#0"},
				"east": {"uv": [11, 0, 14, 3], "texture": "#0"},
				"south": {"uv": [7, 14, 8, 11], "texture": "#0"},
				"west": {"uv": [3, 11, 0, 14], "texture": "#0"},
				"up": {"uv": [9, 14, 8, 11], "texture": "#0"},
				"down": {"uv": [9, 11, 10, 14], "texture": "#0"}
			}
		},
		{
			"from": [9, 2, 0],
			"to": [10, 5, 3],
			"faces": {
				"north": {"uv": [7, 11, 8, 14], "texture": "#0"},
				"east": {"uv": [0, 11, 3, 14], "texture": "#0"},
				"south": {"uv": [8, 11, 9, 14], "texture": "#0"},
				"west": {"uv": [11, 0, 14, 3], "texture": "#0"},
				"up": {"uv": [10, 14, 9, 11], "texture": "#0"},
				"down": {"uv": [11, 11, 10, 14], "texture": "#0"}
			}
		},
		{
			"from": [9, 3, 0],
			"to": [9, 8, 3],
			"faces": {
				"north": {"uv": [0, 0, 0, 5], "texture": "#0"},
				"east": {"uv": [0, 6, 3, 11], "texture": "#0"},
				"south": {"uv": [0, 0, 0, 5], "texture": "#0"},
				"west": {"uv": [0, 6, 3, 11], "texture": "#0"},
				"up": {"uv": [0, 3, 0, 0], "texture": "#0"},
				"down": {"uv": [0, 0, 0, 3], "texture": "#0"}
			}
		},
		{
			"from": [1, 3, 0],
			"to": [1, 8, 3],
			"faces": {
				"north": {"uv": [0, 0, 0, 5], "texture": "#0"},
				"east": {"uv": [11, 0, 8, 5], "texture": "#0"},
				"south": {"uv": [0, 0, 0, 5], "texture": "#0"},
				"west": {"uv": [8, 0, 11, 5], "texture": "#0"},
				"up": {"uv": [0, 3, 0, 0], "texture": "#0"},
				"down": {"uv": [0, 0, 0, 3], "texture": "#0"}
			}
		},
		{
			"from": [1, 8, 0],
			"to": [9, 8, 3],
			"faces": {
				"north": {"uv": [0, 0, 8, 0], "texture": "#0"},
				"east": {"uv": [0, 0, 3, 0], "texture": "#0"},
				"south": {"uv": [0, 0, 8, 0], "texture": "#0"},
				"west": {"uv": [0, 0, 3, 0], "texture": "#0"},
				"up": {"uv": [8, 3, 0, 0], "texture": "#0"},
				"down": {"uv": [8, 3, 0, 0], "texture": "#0"}
			}
		}
	],
	"display": {
		"gui": {
			"rotation": [19.52, 55.51, 7.9],
			"translation": [8, 3.5, 0],
			"scale": [1.26758, 1.26758, 1.26758]
		},
		"head": {
			"translation": [5, 6.5, 11],
			"scale": [1.70313, 1.70313, 1.70313]
		}
	}
}