{
	"credit": "Made with Blockbench",
	"texture_size": [64, 64],
	"textures": {
		"0": "./monk_symbol",
		"particle": "./monk_symbol"
	},
	"elements": [
		{
			"from": [-4, -4, 2],
			"to": [20, 20, 2],
			"rotation": {"angle": 0, "axis": "y", "origin": [8, 8, 2]},
			"faces": {
				"north": {"uv": [6, 0, 0, 6], "texture": "#0"},
				"east": {"uv": [0, 0, 0, 6], "texture": "#0"},
				"south": {"uv": [0, 0, 6, 6], "texture": "#0"},
				"west": {"uv": [0, 0, 0, 6], "texture": "#0"},
				"up": {"uv": [6, 0, 0, 0], "rotation": 180, "texture": "#0"},
				"down": {"uv": [6, 0, 0, 0], "rotation": 180, "texture": "#0"}
			}
		}
	],
	"display": {
		"head": {
			"translation": [0.75, -1, 17.5],
			"scale": [1.55469, 1.55469, 1.55469]
		}
	}
}