{
	"credit": "Made with Blockbench",
	"texture_size": [128, 128],
	"textures": {
		"0": "./wings",
		"particle": "./wings"
	},
	"elements": [
		{
			"from": [-16, -16, 8],
			"to": [32, 32, 8],
			"faces": {
				"north": {"uv": [0, 0, 6, 6], "texture": "#0"},
				"east": {"uv": [0, 0, 0, 6], "texture": "#particle"},
				"south": {"uv": [0, 0, 6, 6], "texture": "#0"},
				"west": {"uv": [0, 0, 0, 6], "texture": "#particle"},
				"up": {"uv": [6, 0, 0, 0], "texture": "#particle"},
				"down": {"uv": [6, 0, 0, 0], "texture": "#particle"}
			}
		}
	],
	"display": {
		"gui": {
			"rotation": [-31.84, 17.52, 33.82],
			"scale": [0.43164, 0.43164, 0.43164]
		},
		"head": {
			"translation": [0, -7.25, 5.25],
			"scale": [1.30859, 1.30859, 1.30859]
		}
	}
}