{
	"credit": "Made with Blockbench",
	"texture_size": [32, 32],
	"textures": {
		"0": "halo",
		"particle": "halo"
	},
	"elements": [
		{
			"from": [0, 0, 14],
			"to": [16, 2, 16],
			"faces": {
				"north": {"uv": [0, 1, 8, 2], "texture": "#0"},
				"east": {"uv": [2, 6, 3, 7], "texture": "#0"},
				"south": {"uv": [0, 1, 8, 2], "texture": "#0"},
				"west": {"uv": [3, 6, 4, 7], "texture": "#0"},
				"up": {"uv": [8, 3, 0, 2], "texture": "#0"},
				"down": {"uv": [8, 2, 0, 3], "texture": "#0"}
			}
		},
		{
			"from": [14, 0, 2],
			"to": [16, 2, 14],
			"faces": {
				"north": {"uv": [4, 6, 5, 7], "texture": "#0"},
				"east": {"uv": [0, 4, 6, 5], "texture": "#0"},
				"south": {"uv": [6, 4, 7, 5], "texture": "#0"},
				"west": {"uv": [0, 4, 6, 5], "texture": "#0"},
				"up": {"uv": [1, 12, 0, 6], "texture": "#0"},
				"down": {"uv": [1, 6, 0, 12], "texture": "#0"}
			}
		},
		{
			"from": [0, 0, 0],
			"to": [16, 2, 2],
			"rotation": {"angle": 0, "axis": "y", "origin": [11.5, 1, 11.5]},
			"faces": {
				"north": {"uv": [0, 1, 8, 2], "texture": "#0"},
				"east": {"uv": [3, 6, 4, 7], "texture": "#0"},
				"south": {"uv": [0, 1, 8, 2], "texture": "#0"},
				"west": {"uv": [2, 6, 3, 7], "texture": "#0"},
				"up": {"uv": [8, 3, 0, 2], "rotation": 180, "texture": "#0"},
				"down": {"uv": [8, 2, 0, 3], "rotation": 180, "texture": "#0"}
			}
		},
		{
			"from": [0, 0, 2],
			"to": [2, 2, 14],
			"rotation": {"angle": 0, "axis": "y", "origin": [11.5, 1, 11.5]},
			"faces": {
				"north": {"uv": [6, 4, 7, 5], "texture": "#0"},
				"east": {"uv": [0, 4, 6, 5], "texture": "#0"},
				"south": {"uv": [4, 6, 5, 7], "texture": "#0"},
				"west": {"uv": [0, 4, 6, 5], "texture": "#0"},
				"up": {"uv": [1, 12, 0, 6], "rotation": 180, "texture": "#0"},
				"down": {"uv": [1, 6, 0, 12], "rotation": 180, "texture": "#0"}
			}
		}
	],
	"display": {
		"head": {
			"translation": [0, 16, 0],
			"scale": [0.72852, 0.72852, 0.72852]
		}
	}
}