{
	"credit": "Made with Blockbench",
	"texture_size": [64, 64],
	"textures": {
		"particle": "slb:orbit_glove"
	},
	"elements": [
		{
			"from": [7.3, 9.125, 14.075],
			"to": [8.7, 10.125, 22.075],
			"rotation": {"angle": 0, "axis": "x", "origin": [7.19646, 9.625, 14.7]},
			"faces": {
				"north": {"uv": [8.25, 4.75, 8, 5], "rotation": 180, "texture": "#particle"},
				"east": {"uv": [4.25, 6.5, 4.5, 8.5], "rotation": 270, "texture": "#particle"},
				"south": {"uv": [8.25, 4.75, 8, 4.5], "texture": "#particle"},
				"west": {"uv": [4.75, 6.5, 5, 8.5], "rotation": 90, "texture": "#particle"},
				"up": {"uv": [4, 6.5, 4.25, 8.5], "rotation": 180, "texture": "#particle"},
				"down": {"uv": [4.5, 6.5, 4.75, 8.5], "texture": "#particle"}
			}
		},
		{
			"from": [5, 8.925, 22.075],
			"to": [11, 10.325, 27.075],
			"rotation": {"angle": 0, "axis": "x", "origin": [7.19646, 9.625, 14.7]},
			"faces": {
				"north": {"uv": [8, 6.5, 6.5, 6.75], "rotation": 180, "texture": "#particle"},
				"east": {"uv": [5, 6.75, 5.25, 8], "rotation": 270, "texture": "#particle"},
				"south": {"uv": [6.5, 6.75, 5, 6.5], "texture": "#particle"},
				"west": {"uv": [5.25, 6.75, 5.5, 8], "rotation": 90, "texture": "#particle"},
				"up": {"uv": [1, 6.5, 2.5, 7.75], "rotation": 180, "texture": "#particle"},
				"down": {"uv": [2.5, 6.5, 4, 7.75], "texture": "#particle"}
			}
		},
		{
			"from": [7, 8.945, 20.075],
			"to": [9, 10.305, 22.075],
			"rotation": {"angle": 0, "axis": "x", "origin": [7.19646, 9.625, 14.7]},
			"faces": {
				"north": {"uv": [8.5, 4.25, 8, 4.5], "rotation": 180, "texture": "#particle"},
				"east": {"uv": [8, 3, 8.25, 3.5], "rotation": 270, "texture": "#particle"},
				"south": {"uv": [8.5, 4.25, 8, 4], "texture": "#particle"},
				"west": {"uv": [8, 3.5, 8.25, 4], "rotation": 90, "texture": "#particle"},
				"up": {"uv": [6.5, 6.75, 7, 7.25], "rotation": 180, "texture": "#particle"},
				"down": {"uv": [7, 6.75, 7.5, 7.25], "texture": "#particle"}
			}
		},
		{
			"from": [9.6, 8.925, 27.075],
			"to": [11, 10.325, 30.075],
			"rotation": {"angle": 0, "axis": "x", "origin": [7.19646, 9.625, 14.7]},
			"faces": {
				"north": {"uv": [8.25, 5, 8, 5.25], "rotation": 180, "texture": "#particle"},
				"east": {"uv": [3, 7.75, 3.25, 8.5], "rotation": 270, "texture": "#particle"},
				"south": {"uv": [5.25, 8.25, 5, 8], "texture": "#particle"},
				"west": {"uv": [3.5, 7.75, 3.75, 8.5], "rotation": 90, "texture": "#particle"},
				"up": {"uv": [2.75, 7.75, 3, 8.5], "rotation": 180, "texture": "#particle"},
				"down": {"uv": [3.25, 7.75, 3.5, 8.5], "texture": "#particle"}
			}
		},
		{
			"from": [8.1, 8.925, 27.075],
			"to": [9.5, 10.325, 31.075],
			"rotation": {"angle": 0, "axis": "x", "origin": [7.19646, 9.625, 14.7]},
			"faces": {
				"north": {"uv": [8.25, 5.25, 8, 5.5], "rotation": 180, "texture": "#particle"},
				"east": {"uv": [6.75, 7.25, 7, 8.25], "rotation": 270, "texture": "#particle"},
				"south": {"uv": [5.5, 8.25, 5.25, 8], "texture": "#particle"},
				"west": {"uv": [7.25, 7.25, 7.5, 8.25], "rotation": 90, "texture": "#particle"},
				"up": {"uv": [6.5, 7.25, 6.75, 8.25], "rotation": 180, "texture": "#particle"},
				"down": {"uv": [7, 7.25, 7.25, 8.25], "texture": "#particle"}
			}
		},
		{
			"from": [5.1, 8.925, 27.075],
			"to": [6.5, 10.325, 31.075],
			"rotation": {"angle": 0, "axis": "x", "origin": [7.19646, 9.625, 14.7]},
			"faces": {
				"north": {"uv": [8.25, 5.5, 8, 5.75], "rotation": 180, "texture": "#particle"},
				"east": {"uv": [1, 7.75, 1.25, 8.75], "rotation": 270, "texture": "#particle"},
				"south": {"uv": [5.75, 8.25, 5.5, 8], "texture": "#particle"},
				"west": {"uv": [1.5, 7.75, 1.75, 8.75], "rotation": 90, "texture": "#particle"},
				"up": {"uv": [7.5, 6.75, 7.75, 7.75], "rotation": 180, "texture": "#particle"},
				"down": {"uv": [1.25, 7.75, 1.5, 8.75], "texture": "#particle"}
			}
		},
		{
			"from": [3.49387, 8.935, 22.91031],
			"to": [4.87387, 10.315, 26.91031],
			"rotation": {"angle": -45, "axis": "y", "origin": [5.33387, 9.625, 24.40969]},
			"faces": {
				"north": {"uv": [8.25, 5.75, 8, 6], "rotation": 180, "texture": "#particle"},
				"east": {"uv": [2, 7.75, 2.25, 8.75], "rotation": 270, "texture": "#particle"},
				"south": {"uv": [6, 8.25, 5.75, 8], "texture": "#particle"},
				"west": {"uv": [2.5, 7.75, 2.75, 8.75], "rotation": 90, "texture": "#particle"},
				"up": {"uv": [1.75, 7.75, 2, 8.75], "rotation": 180, "texture": "#particle"},
				"down": {"uv": [2.25, 7.75, 2.5, 8.75], "texture": "#particle"}
			}
		},
		{
			"from": [6.6, 8.925, 27.075],
			"to": [8, 10.325, 31.575],
			"rotation": {"angle": 0, "axis": "x", "origin": [7.19646, 9.625, 14.7]},
			"faces": {
				"north": {"uv": [6.5, 8, 6.25, 8.25], "rotation": 180, "texture": "#particle"},
				"east": {"uv": [5.75, 6.75, 6, 8], "rotation": 270, "texture": "#particle"},
				"south": {"uv": [6.25, 8.25, 6, 8], "texture": "#particle"},
				"west": {"uv": [6.25, 6.75, 6.5, 8], "rotation": 90, "texture": "#particle"},
				"up": {"uv": [5.5, 6.75, 5.75, 8], "rotation": 180, "texture": "#particle"},
				"down": {"uv": [6, 6.75, 6.25, 8], "texture": "#particle"}
			}
		},
		{
			"from": [10.63502, 8.935, 20.27624],
			"to": [12.01502, 10.315, 23.07624],
			"rotation": {"angle": 45, "axis": "y", "origin": [10.32502, 9.625, 23.82624]},
			"faces": {
				"north": {"uv": [8.25, 6.75, 8, 7], "rotation": 180, "texture": "#particle"},
				"east": {"uv": [7.75, 6.75, 8, 7.5], "rotation": 270, "texture": "#particle"},
				"south": {"uv": [8.25, 6.75, 8, 6.5], "texture": "#particle"},
				"west": {"uv": [7.75, 7.5, 8, 8.25], "rotation": 90, "texture": "#particle"},
				"up": {"uv": [3.75, 7.75, 4, 8.5], "rotation": 180, "texture": "#particle"},
				"down": {"uv": [7.5, 7.75, 7.75, 8.5], "texture": "#particle"}
			}
		},
		{
			"from": [3.49387, 8.935, 20.10908],
			"to": [4.87387, 10.315, 22.90908],
			"rotation": {"angle": -45, "axis": "y", "origin": [5.33387, 9.625, 24.40969]},
			"faces": {
				"north": {"uv": [8.25, 7.25, 8, 7.5], "rotation": 180, "texture": "#particle"},
				"east": {"uv": [8, 0.75, 8.25, 1.5], "rotation": 270, "texture": "#particle"},
				"south": {"uv": [8.25, 7.25, 8, 7], "texture": "#particle"},
				"west": {"uv": [8, 2.25, 8.25, 3], "rotation": 90, "texture": "#particle"},
				"up": {"uv": [8, 0, 8.25, 0.75], "rotation": 180, "texture": "#particle"},
				"down": {"uv": [8, 1.5, 8.25, 2.25], "texture": "#particle"}
			}
		},
		{
			"from": [0, 8.825, 14.075],
			"to": [16, 10.425, 27.075],
			"rotation": {"angle": 0, "axis": "x", "origin": [7.19646, 9.625, 7.7]},
			"faces": {
				"north": {"uv": [9, 6, 5, 6.5], "rotation": 180, "texture": "#particle"},
				"east": {"uv": [0, 6, 0.5, 12], "rotation": 270, "texture": "#particle"},
				"south": {"uv": [5, 6.5, 1, 6], "texture": "#particle"},
				"west": {"uv": [0.5, 6, 1, 12], "rotation": 90, "texture": "#particle"},
				"up": {"uv": [0, 2.5, 4, 6], "rotation": 180, "texture": "#particle"},
				"down": {"uv": [4, 2.5, 8, 6], "texture": "#particle"}
			}
		}
	],
	"display": {
		"thirdperson_righthand": {
			"rotation": [-78.44, 82.87, 82.86],
			"translation": [0, 5.75, 1.25]
		},
		"thirdperson_lefthand": {
			"rotation": [-177.25, 0, 0],
			"translation": [0, -7, 0.75]
		},
		"firstperson_righthand": {
			"rotation": [73.05, 79.15, -104.45],
			"translation": [0, 3, 0]
		},
		"firstperson_lefthand": {
			"rotation": [133.5, 0, 10],
			"translation": [0, 0, 1.75]
		},
		"gui": {
			"rotation": [-44.99, -32.33, -62.82],
			"translation": [-0.5, -0.5, 0]
		},
		"head": {
			"translation": [0, 13, 0]
		}
	}
}