{
	"credit": "Made with Blockbench",
	"texture_size": [64, 64],
	"textures": {
		"1": "./thick_glove"
	},
	"elements": [
		{
			"from": [7.3, 0, 7.2],
			"to": [8.7, 8, 8.2],
			"faces": {
				"north": {"uv": [4, 6.5, 4.25, 8.5], "texture": "#1"},
				"east": {"uv": [4.25, 6.5, 4.5, 8.5], "texture": "#1"},
				"south": {"uv": [4.5, 6.5, 4.75, 8.5], "texture": "#1"},
				"west": {"uv": [4.75, 6.5, 5, 8.5], "texture": "#1"},
				"up": {"uv": [8.25, 4.75, 8, 4.5], "texture": "#1"},
				"down": {"uv": [8.25, 4.75, 8, 5], "texture": "#1"}
			}
		},
		{
			"from": [-0.7, 1.8, 6],
			"to": [16.7, 28.2, 9.4],
			"rotation": {"angle": 0, "axis": "y", "origin": [0, 3, 0]},
			"faces": {
				"north": {"uv": [0, 0, 4, 6], "texture": "#1"},
				"east": {"uv": [0, 6, 0.5, 12], "texture": "#1"},
				"south": {"uv": [4, 0, 8, 6], "texture": "#1"},
				"west": {"uv": [0.5, 6, 1, 12], "texture": "#1"},
				"up": {"uv": [5, 6.5, 1, 6], "texture": "#1"},
				"down": {"uv": [9, 6, 5, 6.5], "texture": "#1"}
			}
		},
		{
			"from": [4.3, 9.8, 6.1],
			"to": [11.7, 16.6, 9.3],
			"rotation": {"angle": 0, "axis": "y", "origin": [0, 4, 0]},
			"faces": {
				"north": {"uv": [1, 6.5, 2.5, 7.75], "texture": "#1"},
				"east": {"uv": [5, 6.75, 5.25, 8], "texture": "#1"},
				"south": {"uv": [2.5, 6.5, 4, 7.75], "texture": "#1"},
				"west": {"uv": [5.25, 6.75, 5.5, 8], "texture": "#1"},
				"up": {"uv": [6.5, 6.75, 5, 6.5], "texture": "#1"},
				"down": {"uv": [8, 6.5, 6.5, 6.75], "texture": "#1"}
			}
		},
		{
			"from": [6.3, 7.8, 6.12],
			"to": [9.7, 12.2, 9.28],
			"rotation": {"angle": 0, "axis": "y", "origin": [0, 4, 0]},
			"faces": {
				"north": {"uv": [6.5, 6.75, 7, 7.25], "texture": "#1"},
				"east": {"uv": [8, 3, 8.25, 3.5], "texture": "#1"},
				"south": {"uv": [7, 6.75, 7.5, 7.25], "texture": "#1"},
				"west": {"uv": [8, 3.5, 8.25, 4], "texture": "#1"},
				"up": {"uv": [8.5, 4.25, 8, 4], "texture": "#1"},
				"down": {"uv": [8.5, 4.25, 8, 4.5], "texture": "#1"}
			}
		},
		{
			"from": [10.2, 16.6, 6.1],
			"to": [11.7, 21, 9.3],
			"rotation": {"angle": 0, "axis": "y", "origin": [0, 9, 0]},
			"faces": {
				"north": {"uv": [2.75, 7.75, 3, 8.5], "texture": "#1"},
				"east": {"uv": [3, 7.75, 3.25, 8.5], "texture": "#1"},
				"south": {"uv": [3.25, 7.75, 3.5, 8.5], "texture": "#1"},
				"west": {"uv": [3.5, 7.75, 3.75, 8.5], "texture": "#1"},
				"up": {"uv": [5.25, 8.25, 5, 8], "texture": "#1"},
				"down": {"uv": [8.25, 5, 8, 5.25], "texture": "#1"}
			}
		},
		{
			"from": [8.4, 16.6, 6.1],
			"to": [10, 22, 9.3],
			"rotation": {"angle": 0, "axis": "y", "origin": [-1.5, 9, 0]},
			"faces": {
				"north": {"uv": [6.5, 7.25, 6.75, 8.25], "texture": "#1"},
				"east": {"uv": [6.75, 7.25, 7, 8.25], "texture": "#1"},
				"south": {"uv": [7, 7.25, 7.25, 8.25], "texture": "#1"},
				"west": {"uv": [7.25, 7.25, 7.5, 8.25], "texture": "#1"},
				"up": {"uv": [5.5, 8.25, 5.25, 8], "texture": "#1"},
				"down": {"uv": [8.25, 5.25, 8, 5.5], "texture": "#1"}
			}
		},
		{
			"from": [4.3, 16.6, 6.1],
			"to": [6.1, 22, 9.3],
			"rotation": {"angle": 0, "axis": "y", "origin": [-4.5, 9, 0]},
			"faces": {
				"north": {"uv": [7.5, 6.75, 7.75, 7.75], "texture": "#1"},
				"east": {"uv": [1, 7.75, 1.25, 8.75], "texture": "#1"},
				"south": {"uv": [1.25, 7.75, 1.5, 8.75], "texture": "#1"},
				"west": {"uv": [1.5, 7.75, 1.75, 8.75], "texture": "#1"},
				"up": {"uv": [5.75, 8.25, 5.5, 8], "texture": "#1"},
				"down": {"uv": [8.25, 5.5, 8, 5.75], "texture": "#1"}
			}
		},
		{
			"from": [2.1, 9.7, 6.11],
			"to": [3.98, 15.1, 9.29],
			"rotation": {"angle": 45, "axis": "z", "origin": [4.1, 12.9, 8]},
			"faces": {
				"north": {"uv": [1.75, 7.75, 2, 8.75], "texture": "#1"},
				"east": {"uv": [2, 7.75, 2.25, 8.75], "texture": "#1"},
				"south": {"uv": [2.25, 7.75, 2.5, 8.75], "texture": "#1"},
				"west": {"uv": [2.5, 7.75, 2.75, 8.75], "texture": "#1"},
				"up": {"uv": [6, 8.25, 5.75, 8], "texture": "#1"},
				"down": {"uv": [8.25, 5.75, 8, 6], "texture": "#1"}
			}
		},
		{
			"from": [6.3, 16.6, 6.1],
			"to": [8.2, 22.5, 9.3],
			"rotation": {"angle": 0, "axis": "y", "origin": [-3, 9, 0]},
			"faces": {
				"north": {"uv": [5.5, 6.75, 5.75, 8], "texture": "#1"},
				"east": {"uv": [5.75, 6.75, 6, 8], "texture": "#1"},
				"south": {"uv": [6, 6.75, 6.25, 8], "texture": "#1"},
				"west": {"uv": [6.25, 6.75, 6.5, 8], "texture": "#1"},
				"up": {"uv": [6.25, 8.25, 6, 8], "texture": "#1"},
				"down": {"uv": [6.5, 8, 6.25, 8.25], "texture": "#1"}
			}
		},
		{
			"from": [7.9, 8.2, 6.11],
			"to": [11.33, 11.1, 9.29],
			"rotation": {"angle": -45, "axis": "z", "origin": [10, 10, 8]},
			"faces": {
				"north": {"uv": [3.75, 7.75, 4, 8.5], "texture": "#1"},
				"east": {"uv": [7.75, 6.75, 8, 7.5], "texture": "#1"},
				"south": {"uv": [7.5, 7.75, 7.75, 8.5], "texture": "#1"},
				"west": {"uv": [7.75, 7.5, 8, 8.25], "texture": "#1"},
				"up": {"uv": [8.25, 6.75, 8, 6.5], "texture": "#1"},
				"down": {"uv": [8.25, 6.75, 8, 7], "texture": "#1"}
			}
		},
		{
			"from": [4.48003, 8.74497, 6.11],
			"to": [7.88503, 11.56997, 9.29],
			"rotation": {"angle": 45, "axis": "z", "origin": [6.50503, 10.49497, 8]},
			"faces": {
				"north": {"uv": [8, 0, 8.25, 0.75], "texture": "#1"},
				"east": {"uv": [8, 0.75, 8.25, 1.5], "texture": "#1"},
				"south": {"uv": [8, 1.5, 8.25, 2.25], "texture": "#1"},
				"west": {"uv": [8, 2.25, 8.25, 3], "texture": "#1"},
				"up": {"uv": [8.25, 7.25, 8, 7], "texture": "#1"},
				"down": {"uv": [8.25, 7.25, 8, 7.5], "texture": "#1"}
			}
		}
	],
	"display": {
		"thirdperson_righthand": {
			"rotation": [-78.44, 82.87, 82.86],
			"translation": [0, 5.75, 1.25]
		},
		"thirdperson_lefthand": {
			"rotation": [-177.25, 0, 0],
			"translation": [0, -7, 0.75]
		},
		"firstperson_righthand": {
			"rotation": [73.05, 79.15, -104.45],
			"translation": [0, 3, 0]
		},
		"firstperson_lefthand": {
			"rotation": [133.5, 0, 10],
			"translation": [0, 0, 1.75]
		},
		"gui": {
			"rotation": [-44.99, -32.33, -62.82],
			"translation": [-0.5, -0.5, 0]
		},
		"head": {
			"translation": [0, 13, 0]
		}
	},
	"groups": [
		0,
		{
			"name": "group",
			"origin": [6.50503, 7.49497, 8],
			"color": 0,
			"nbt": "{}",
			"children": [1, 2, 3, 4, 5, 6, 7, 8, 9, 10]
		}
	]
}