{
	"credit": "Made with Blockbench",
	"texture_size": [64, 64],
	"textures": {
		"particle": "./necromancer_glove"
	},
	"elements": [
		{
			"from": [7.3, 0, 7.2],
			"to": [8.7, 8, 8.2],
			"faces": {
				"north": {"uv": [4, 6.5, 4.25, 8.5], "texture": "#particle"},
				"east": {"uv": [4.25, 6.5, 4.5, 8.5], "texture": "#particle"},
				"south": {"uv": [4.5, 6.5, 4.75, 8.5], "texture": "#particle"},
				"west": {"uv": [4.75, 6.5, 5, 8.5], "texture": "#particle"},
				"up": {"uv": [8.25, 4.75, 8, 4.5], "texture": "#particle"},
				"down": {"uv": [8.25, 4.75, 8, 5], "texture": "#particle"}
			}
		},
		{
			"from": [5, 8, 7],
			"to": [11, 13, 8.4],
			"rotation": {"angle": 0, "axis": "y", "origin": [0, 1, 0]},
			"faces": {
				"north": {"uv": [1, 6.5, 2.5, 7.75], "texture": "#particle"},
				"east": {"uv": [5, 6.75, 5.25, 8], "texture": "#particle"},
				"south": {"uv": [2.5, 6.5, 4, 7.75], "texture": "#particle"},
				"west": {"uv": [5.25, 6.75, 5.5, 8], "texture": "#particle"},
				"up": {"uv": [6.5, 6.75, 5, 6.5], "texture": "#particle"},
				"down": {"uv": [8, 6.5, 6.5, 6.75], "texture": "#particle"}
			}
		},
		{
			"from": [7, 6, 7.02],
			"to": [9, 8, 8.38],
			"rotation": {"angle": 0, "axis": "y", "origin": [0, 1, 0]},
			"faces": {
				"north": {"uv": [6.5, 6.75, 7, 7.25], "texture": "#particle"},
				"east": {"uv": [8, 3, 8.25, 3.5], "texture": "#particle"},
				"south": {"uv": [7, 6.75, 7.5, 7.25], "texture": "#particle"},
				"west": {"uv": [8, 3.5, 8.25, 4], "texture": "#particle"},
				"up": {"uv": [8.5, 4.25, 8, 4], "texture": "#particle"},
				"down": {"uv": [8.5, 4.25, 8, 4.5], "texture": "#particle"}
			}
		},
		{
			"from": [9.6, 13, 7],
			"to": [11, 16, 8.4],
			"rotation": {"angle": 0, "axis": "y", "origin": [0, 6, 0]},
			"faces": {
				"north": {"uv": [2.75, 7.75, 3, 8.5], "texture": "#particle"},
				"east": {"uv": [3, 7.75, 3.25, 8.5], "texture": "#particle"},
				"south": {"uv": [3.25, 7.75, 3.5, 8.5], "texture": "#particle"},
				"west": {"uv": [3.5, 7.75, 3.75, 8.5], "texture": "#particle"},
				"up": {"uv": [5.25, 8.25, 5, 8], "texture": "#particle"},
				"down": {"uv": [8.25, 5, 8, 5.25], "texture": "#particle"}
			}
		},
		{
			"from": [8.1, 13, 7],
			"to": [9.5, 17, 8.4],
			"rotation": {"angle": 0, "axis": "y", "origin": [-1.5, 6, 0]},
			"faces": {
				"north": {"uv": [6.5, 7.25, 6.75, 8.25], "texture": "#particle"},
				"east": {"uv": [6.75, 7.25, 7, 8.25], "texture": "#particle"},
				"south": {"uv": [7, 7.25, 7.25, 8.25], "texture": "#particle"},
				"west": {"uv": [7.25, 7.25, 7.5, 8.25], "texture": "#particle"},
				"up": {"uv": [5.5, 8.25, 5.25, 8], "texture": "#particle"},
				"down": {"uv": [8.25, 5.25, 8, 5.5], "texture": "#particle"}
			}
		},
		{
			"from": [5.1, 13, 7],
			"to": [6.5, 17, 8.4],
			"rotation": {"angle": 0, "axis": "y", "origin": [-4.5, 6, 0]},
			"faces": {
				"north": {"uv": [7.5, 6.75, 7.75, 7.75], "texture": "#particle"},
				"east": {"uv": [1, 7.75, 1.25, 8.75], "texture": "#particle"},
				"south": {"uv": [1.25, 7.75, 1.5, 8.75], "texture": "#particle"},
				"west": {"uv": [1.5, 7.75, 1.75, 8.75], "texture": "#particle"},
				"up": {"uv": [5.75, 8.25, 5.5, 8], "texture": "#particle"},
				"down": {"uv": [8.25, 5.5, 8, 5.75], "texture": "#particle"}
			}
		},
		{
			"from": [3.4, 7.9, 7.01],
			"to": [4.78, 11.9, 8.39],
			"rotation": {"angle": 45, "axis": "z", "origin": [4.1, 9.9, 8]},
			"faces": {
				"north": {"uv": [1.75, 7.75, 2, 8.75], "texture": "#particle"},
				"east": {"uv": [2, 7.75, 2.25, 8.75], "texture": "#particle"},
				"south": {"uv": [2.25, 7.75, 2.5, 8.75], "texture": "#particle"},
				"west": {"uv": [2.5, 7.75, 2.75, 8.75], "texture": "#particle"},
				"up": {"uv": [6, 8.25, 5.75, 8], "texture": "#particle"},
				"down": {"uv": [8.25, 5.75, 8, 6], "texture": "#particle"}
			}
		},
		{
			"from": [6.6, 13, 7],
			"to": [8, 17.5, 8.4],
			"rotation": {"angle": 0, "axis": "y", "origin": [-3, 6, 0]},
			"faces": {
				"north": {"uv": [5.5, 6.75, 5.75, 8], "texture": "#particle"},
				"east": {"uv": [5.75, 6.75, 6, 8], "texture": "#particle"},
				"south": {"uv": [6, 6.75, 6.25, 8], "texture": "#particle"},
				"west": {"uv": [6.25, 6.75, 6.5, 8], "texture": "#particle"},
				"up": {"uv": [6.25, 8.25, 6, 8], "texture": "#particle"},
				"down": {"uv": [6.5, 8, 6.25, 8.25], "texture": "#particle"}
			}
		},
		{
			"from": [8.6, 5.6, 7.01],
			"to": [9.98, 8.4, 8.39],
			"rotation": {"angle": -45, "axis": "z", "origin": [10, 7, 8]},
			"faces": {
				"north": {"uv": [3.75, 7.75, 4, 8.5], "texture": "#particle"},
				"east": {"uv": [7.75, 6.75, 8, 7.5], "texture": "#particle"},
				"south": {"uv": [7.5, 7.75, 7.75, 8.5], "texture": "#particle"},
				"west": {"uv": [7.75, 7.5, 8, 8.25], "texture": "#particle"},
				"up": {"uv": [8.25, 6.75, 8, 6.5], "texture": "#particle"},
				"down": {"uv": [8.25, 6.75, 8, 7], "texture": "#particle"}
			}
		},
		{
			"from": [5.80503, 6.09497, 7.01],
			"to": [7.18503, 8.89497, 8.39],
			"rotation": {"angle": 45, "axis": "z", "origin": [6.50503, 7.49497, 8]},
			"faces": {
				"north": {"uv": [8, 0, 8.25, 0.75], "texture": "#particle"},
				"east": {"uv": [8, 0.75, 8.25, 1.5], "texture": "#particle"},
				"south": {"uv": [8, 1.5, 8.25, 2.25], "texture": "#particle"},
				"west": {"uv": [8, 2.25, 8.25, 3], "texture": "#particle"},
				"up": {"uv": [8.25, 7.25, 8, 7], "texture": "#particle"},
				"down": {"uv": [8.25, 7.25, 8, 7.5], "texture": "#particle"}
			}
		},
		{
			"from": [0, 0, 6.9],
			"to": [16, 24, 8.5],
			"faces": {
				"north": {"uv": [0, 0, 4, 6], "texture": "#particle"},
				"east": {"uv": [0, 6, 0.5, 12], "texture": "#particle"},
				"south": {"uv": [4, 0, 8, 6], "texture": "#particle"},
				"west": {"uv": [0.5, 6, 1, 12], "texture": "#particle"},
				"up": {"uv": [5, 6.5, 1, 6], "texture": "#particle"},
				"down": {"uv": [9, 6, 5, 6.5], "texture": "#particle"}
			}
		},
		{
			"from": [2, 8.8, 5.9],
			"to": [16, 10, 6.9],
			"rotation": {"angle": -45, "axis": "z", "origin": [8, 8.3, 6.45]},
			"faces": {
				"north": {"uv": [10, 10.25, 13.5, 10.6], "texture": "#particle"},
				"east": {"uv": [12.75, 9, 13.025, 9.35], "texture": "#particle"},
				"south": {"uv": [10, 9.5, 13.5, 9.85], "texture": "#particle"},
				"west": {"uv": [13.25, 9, 13.525, 9.35], "texture": "#particle"},
				"up": {"uv": [10, 10, 13.5, 10.275], "texture": "#particle"},
				"down": {"uv": [10, 10.75, 13.5, 11.025], "texture": "#particle"}
			}
		},
		{
			"from": [6.1, 8.9, 5.5],
			"to": [6.5, 10.9, 7.3],
			"rotation": {"angle": -45, "axis": "z", "origin": [8, 10, 6]},
			"faces": {
				"north": {"uv": [8.5, 11.75, 9, 11.85], "rotation": 90, "texture": "#particle"},
				"east": {"uv": [5.75, 11.5, 6.25, 11.95], "rotation": 270, "texture": "#particle"},
				"south": {"uv": [5.25, 10.25, 5.75, 10.35], "rotation": 270, "texture": "#particle"},
				"west": {"uv": [7.25, 11.5, 7.75, 11.95], "rotation": 270, "texture": "#particle"},
				"up": {"uv": [4.25, 11.25, 4.7, 11.35], "rotation": 270, "texture": "#particle"},
				"down": {"uv": [4.75, 12, 5.2, 12.1], "rotation": 270, "texture": "#particle"}
			}
		},
		{
			"from": [-1.9, 8, 5.1],
			"to": [3.1, 11.8, 7.7],
			"rotation": {"angle": -45, "axis": "z", "origin": [8, 10, 6]},
			"faces": {
				"north": {"uv": [14.75, 11, 15.7, 12.25], "rotation": 90, "texture": "#particle"},
				"east": {"uv": [11, 12.25, 11.95, 12.9], "rotation": 270, "texture": "#particle"},
				"south": {"uv": [14.5, 13.5, 15.45, 14.75], "rotation": 270, "texture": "#particle"},
				"west": {"uv": [12.25, 12.5, 13.2, 13.15], "rotation": 270, "texture": "#particle"},
				"up": {"uv": [11.75, 13.5, 12.4, 14.75], "rotation": 270, "texture": "#particle"},
				"down": {"uv": [13.5, 13.25, 14.15, 14.5], "rotation": 270, "texture": "#particle"}
			}
		},
		{
			"from": [-7, 8.4, 5],
			"to": [-3.9, 11.4, 7.8],
			"rotation": {"angle": -45, "axis": "z", "origin": [8, 10, 6]},
			"faces": {
				"north": {"uv": [1.75, 13.75, 2.5, 14.525], "rotation": 90, "texture": "#particle"},
				"east": {"uv": [1.75, 10.5, 2.5, 11.2], "rotation": 270, "texture": "#particle"},
				"south": {"uv": [1, 12, 1.75, 12.775], "rotation": 270, "texture": "#particle"},
				"west": {"uv": [3, 11.75, 3.75, 12.45], "rotation": 270, "texture": "#particle"},
				"up": {"uv": [0.25, 12.5, 0.95, 13.275], "rotation": 270, "texture": "#particle"},
				"down": {"uv": [0.75, 13.5, 1.45, 14.275], "rotation": 270, "texture": "#particle"}
			}
		},
		{
			"from": [-3.9, 9.4, 6],
			"to": [5.1, 10.4, 6.8],
			"rotation": {"angle": -45, "axis": "z", "origin": [8, 10, 6]},
			"faces": {
				"north": {"uv": [10, 9.5, 10.25, 11.75], "rotation": 90, "texture": "#particle"},
				"east": {"uv": [12, 10.25, 12.25, 10.45], "rotation": 270, "texture": "#particle"},
				"south": {"uv": [11, 9.5, 11.25, 11.75], "rotation": 270, "texture": "#particle"},
				"west": {"uv": [12.75, 10, 13, 10.2], "rotation": 270, "texture": "#particle"},
				"up": {"uv": [11.5, 9.5, 11.7, 11.75], "rotation": 270, "texture": "#particle"},
				"down": {"uv": [10.5, 9.5, 10.7, 11.75], "rotation": 270, "texture": "#particle"}
			}
		},
		{
			"from": [2.1, 9.1, 5.7],
			"to": [6.1, 10.7, 7.1],
			"rotation": {"angle": -45, "axis": "z", "origin": [8, 10, 6]},
			"faces": {
				"north": {"uv": [7.75, 13, 8.15, 14], "rotation": 90, "texture": "#particle"},
				"east": {"uv": [2.5, 13.75, 2.9, 14.1], "rotation": 270, "texture": "#particle"},
				"south": {"uv": [5.5, 13.25, 5.9, 14.25], "rotation": 270, "texture": "#particle"},
				"west": {"uv": [4.5, 13.75, 4.9, 14.1], "rotation": 270, "texture": "#particle"},
				"up": {"uv": [6.5, 13, 6.85, 14], "rotation": 270, "texture": "#particle"},
				"down": {"uv": [7, 13, 7.35, 14], "rotation": 270, "texture": "#particle"}
			}
		},
		{
			"from": [8.1, 9.2, 5.8],
			"to": [8.5, 10.6, 7],
			"rotation": {"angle": -45, "axis": "z", "origin": [8, 10, 6]},
			"faces": {
				"north": {"uv": [8.75, 14.75, 9.1, 14.85], "rotation": 90, "texture": "#particle"},
				"east": {"uv": [8.75, 15.25, 9.1, 15.55], "rotation": 270, "texture": "#particle"},
				"south": {"uv": [9.25, 14.5, 9.6, 14.6], "rotation": 270, "texture": "#particle"},
				"west": {"uv": [8.25, 15, 8.6, 15.3], "rotation": 270, "texture": "#particle"},
				"up": {"uv": [8.5, 14.25, 8.8, 14.35], "rotation": 270, "texture": "#particle"},
				"down": {"uv": [9, 15.25, 9.3, 15.35], "rotation": 270, "texture": "#particle"}
			}
		},
		{
			"from": [-3.4, 9.2, 5.8],
			"to": [-3, 10.6, 7],
			"rotation": {"angle": -45, "axis": "z", "origin": [8, 10, 6]},
			"faces": {
				"north": {"uv": [5.75, 15.75, 6.1, 15.85], "rotation": 90, "texture": "#particle"},
				"east": {"uv": [8.25, 15.25, 8.6, 15.55], "rotation": 270, "texture": "#particle"},
				"south": {"uv": [3.25, 15.5, 3.6, 15.6], "rotation": 270, "texture": "#particle"},
				"west": {"uv": [6, 14.75, 6.35, 15.05], "rotation": 270, "texture": "#particle"},
				"up": {"uv": [5.75, 15.75, 6.05, 15.85], "rotation": 270, "texture": "#particle"},
				"down": {"uv": [5.5, 15.25, 5.8, 15.35], "rotation": 270, "texture": "#particle"}
			}
		},
		{
			"from": [8.6, 9.2, 5.8],
			"to": [9, 10.6, 7],
			"rotation": {"angle": -45, "axis": "z", "origin": [8, 10, 6]},
			"faces": {
				"north": {"uv": [5.75, 15.75, 6.1, 15.85], "rotation": 90, "texture": "#particle"},
				"east": {"uv": [5.25, 15, 5.6, 15.3], "rotation": 270, "texture": "#particle"},
				"south": {"uv": [4, 14.5, 4.35, 14.6], "rotation": 270, "texture": "#particle"},
				"west": {"uv": [6, 14.75, 6.35, 15.05], "rotation": 270, "texture": "#particle"},
				"up": {"uv": [3.25, 15.25, 3.55, 15.35], "rotation": 270, "texture": "#particle"},
				"down": {"uv": [4.75, 14.75, 5.05, 14.85], "rotation": 270, "texture": "#particle"}
			}
		},
		{
			"from": [10.2, 9.2, 5.8],
			"to": [11, 10.6, 7],
			"rotation": {"angle": -45, "axis": "z", "origin": [8, 10, 6]},
			"faces": {
				"north": {"uv": [7, 15.5, 7.35, 15.7], "rotation": 90, "texture": "#particle"},
				"east": {"uv": [5.5, 15.5, 5.85, 15.8], "rotation": 270, "texture": "#particle"},
				"south": {"uv": [4, 15.75, 4.35, 15.95], "rotation": 270, "texture": "#particle"},
				"west": {"uv": [6, 15.5, 6.35, 15.8], "rotation": 270, "texture": "#particle"},
				"up": {"uv": [3.25, 15.5, 3.55, 15.7], "rotation": 270, "texture": "#particle"},
				"down": {"uv": [4.5, 15.5, 4.8, 15.7], "rotation": 270, "texture": "#particle"}
			}
		}
	],
	"display": {
		"thirdperson_righthand": {
			"rotation": [-78.44, 82.87, 82.86],
			"translation": [0, 5.75, 1.25]
		},
		"thirdperson_lefthand": {
			"rotation": [-177.25, 0, 0],
			"translation": [0, -7, 0.75]
		},
		"firstperson_righthand": {
			"rotation": [73.05, 79.15, -104.45],
			"translation": [0, 3, 0]
		},
		"firstperson_lefthand": {
			"rotation": [133.5, 0, 10],
			"translation": [0, 0, 1.75]
		},
		"gui": {
			"rotation": [-44.99, -32.33, -62.82],
			"translation": [-0.5, -0.5, 0]
		},
		"head": {
			"translation": [0, 13, 0]
		}
	}
}